uniqueid	restrictionscale	country	location	border_country	restrictiontype	restrictionnature	adm1	adm1_code	adm2	adm2_code	adm3	adm3_code	date_from	date_to	source	source_link	notes	country_code	sdr_id	sdr_name	sdr_level
ID1002	Domestic	"Sierra Leone"	"Sierra Leone"	n/a	"National Law"	"Community Response"	n/a	n/a	n/a	n/a	n/a	n/a	2014-08-22	n/a	"Channel News Asia - Sierra Leone Law Ebola Victims"	http://www.channelnewsasia.com/news/world/two-year-jail-terms-for/1326170.html	"Outlawed the “harbouring” of Ebola victims - risk a jail sentence of up to two years."	SL	0		
ID1003	Domestic	"Sierra Leone"	"Sierra Leone"	n/a	"National Law"	"Community Response"	n/a	n/a	n/a	n/a	n/a	n/a	2014-10-16	n/a	"UNMEER - External Situation Report"	http://reliefweb.int/sites/reliefweb.int/files/resources/20141016%20-%20UNMEER%20External%20Situation%20Report.pdf	"A standard operating procedure (SOP) for enforcing roadblocks and quarantines has been approved by the Government of Sierra Leone with training of 4,000 - 5,000 officers nationwide."	SL	0		
ID1004	Domestic	"Sierra Leone"	"Sierra Leone"	n/a	"National Law"	"Movement Order"	n/a	n/a	n/a	n/a	n/a	n/a	2014-08-29	n/a	"Acaps - Global Emergency Overview"	http://reliefweb.int/sites/reliefweb.int/files/resources/geo_41.pdf	"Legislation was passed imposing a jail term of up to six months for anyone entering or leaving Ebola-affected areas without medical authorisation. Any sport involving physical contact was also prohibited."	SL	0		
ID1005	Domestic	"Sierra Leone"	"Sierra Leone"	n/a	"National Law"	"Movement Order"	n/a	n/a	n/a	n/a	n/a	n/a	2014-09-19	2014-09-21	"Vox - Lockdown"	http://www.vox.com/2014/9/7/6117199/sierra-leone-lockdown-Ebola-virus	"Entire population not allowed to leave homes for 3 days to reduce spread."	SL	0		
ID1006	Domestic	"Sierra Leone"	"Sierra Leone"	n/a	"National Law"	"Movement Order"	n/a	n/a	n/a	n/a	n/a	n/a	2014-09-09	n/a	"The Guardian - As Ebola Closes Schools in Africa / UNICEF - Sub-regional Response to the Ebola Outbreak"	http://www.theguardian.com/commentisfree/2014/sep/15/as-ebola-closes-schools-in-africa-how-do-we-help-children-learn	"All 7,740 schools remain closed. Schools have not opened since 9 September, and authorities are suggesting they may remain closed for three months or more."	SL	0		
ID1007	Domestic	"Sierra Leone"	Kailahun	n/a	"National Law"	"Movement Order"	Eastern	SL01	Kailahun	SL0101	n/a	n/a	2014-06-11	n/a	"Reuters - Sierra Leone Shuts Borders"	http://uk.reuters.com/article/2014/06/11/us-health-ebola-leone-idUKKBN0EM2CG20140611	"Closed schools, nightclubs and cinemas in Kailahun."	SL	8619	Eastern	ADM1
ID1008	Domestic	"Sierra Leone"	"Sierra Leone"	n/a	"National Law"	"Movement Order"	n/a	n/a	n/a	n/a	n/a	n/a	2014-08-13	n/a	http://reliefweb.int/sites/reliefweb.int/files/resources/b-acaps_bn_ebola_west_africa_impact_protection_14_oct_2014.pdf	http://reliefweb.int/sites/reliefweb.int/files/resources/b-acaps_bn_ebola_west_africa_impact_protection_14_oct_2014.pdf	"Restrictions have been put imposed on public and other mass gatherings."	SL	0		
ID1009	Domestic	"Sierra Leone"	Kailahun	n/a	"Area Blockade"	Quarantine	Eastern	SL01	Kailahun	SL0101	n/a	n/a	2014-08-07	n/a	"Business Council Africa - African Security Issues "	http://www.bcafrica.co.uk/news/976-african-security-issues-aug-8	"Blocking cars from moving in and out of affected areas. 16 checkpoints on major roads and foot patrols."	SL	8619	Eastern	ADM1
ID1010	Domestic	"Sierra Leone"	Kenema	n/a	"Area Blockade"	Quarantine	Eastern	SL01	Kenema	SL0102	n/a	n/a	2014-08-07	n/a	"Business Council Africa - African Security Issues "	http://www.bcafrica.co.uk/news/976-african-security-issues-aug-8	"Blocking cars from moving in and out of affected areas. 16 checkpoints on major roads and foot patrols."	SL	8619	Eastern	ADM1
ID1011	Domestic	"Sierra Leone"	"Port Loko"	n/a	"Area Blockade"	Quarantine	Northern	SL02	"Port Loko"	SL0204	n/a	n/a	2014-09-25	n/a	"Agence France-Presse - Sierra Leone quarentines one million"	http://reliefweb.int/report/sierra-leone/sierra-leone-quarantines-one-million-ahead-un-ebola-talks	"Corridors for travel to and from non-quarantined areas have been established but will only operate between 9am and 5pm."	SL	8620	Northern	ADM1
ID1012	Domestic	"Sierra Leone"	Bombali	n/a	"Area Blockade"	Quarantine	Northern	SL02	Bombali	SL0201	n/a	n/a	2014-09-25	n/a	"Agence France-Presse - Sierra Leone quarentines one million"	http://reliefweb.int/report/sierra-leone/sierra-leone-quarantines-one-million-ahead-un-ebola-talks	"Corridors for travel to and from non-quarantined areas have been established but will only operate between 9am and 5pm."	SL	8620	Northern	ADM1
ID1013	Domestic	"Sierra Leone"	Moyamba	n/a	"Area Blockade"	Quarantine	Southern	SL03	Moyamba	SL0303	n/a	n/a	2014-09-25	n/a	"Agence France-Presse - Sierra Leone quarentines one million"	http://reliefweb.int/report/sierra-leone/sierra-leone-quarantines-one-million-ahead-un-ebola-talks	"Corridors for travel to and from non-quarantined areas have been established but will only operate between 9am and 5pm."	SL	8621	Southern	ADM1
ID1014	Domestic	"Sierra Leone"	Koinadugu	n/a	"Area Blockade"	"Restricted Movement"	Northern	SL02	Koinadugu	SL0203	n/a	n/a	2014-08-04	n/a	"The Guardian - Ebola Outbreak Koinadugu"	http://www.theguardian.com/world/2014/nov/05/ebola-outbreak-koinadugu-sierra-leone-call-help-chief	"Koinadugu has restricted movement due to self-imposed quarantines by local chiefs."	SL	8620	Northern	ADM1
ID1015	Domestic	"Sierra Leone"	Marampa	n/a	"Area Blockade"	Quarantine	Northern	SL02	"Port Loko"	SL0204	Marampa	SL0204083	2014-09-25	n/a	"Government of Sierra Leone - Press Release (Measures to end Ebola outbreak) "	http://reliefweb.int/report/sierra-leone/press-release-measures-end-ebola-outbreak-24th-september-2014	"Residents in these chiefdoms must not travel to any other chiefdom until further notice."	SL	8620	Northern	ADM1
ID1016	Domestic	"Sierra Leone"	"Buya Romende"	n/a	"Area Blockade"	Quarantine	Northern	SL02	"Port Loko"	SL0204	"Buya Romende"	SL0204077	2014-09-25	n/a	"Government of Sierra Leone - Press Release (Measures to end Ebola outbreak) "	http://reliefweb.int/report/sierra-leone/press-release-measures-end-ebola-outbreak-24th-september-2014	"Residents in these chiefdoms must not travel to any other chiefdom until further notice."	SL	8620	Northern	ADM1
ID1017	Domestic	"Sierra Leone"	Maforki	n/a	"Area Blockade"	Quarantine	Northern	SL02	"Port Loko"	SL0204	Maforki	SL0204082	2014-09-25	n/a	"Government of Sierra Leone - Press Release (Measures to end Ebola outbreak) "	http://reliefweb.int/report/sierra-leone/press-release-measures-end-ebola-outbreak-24th-september-2014	"Residents in these chiefdoms must not travel to any other chiefdom until further notice."	SL	8620	Northern	ADM1
ID1018	Domestic	"Sierra Leone"	"Bkm (aka Bureh)"	n/a	"Area Blockade"	Quarantine	Northern	SL02	"Port Loko"	SL0204	"Bkm (aka Bureh)"	SL0204076	2014-09-25	n/a	"Government of Sierra Leone - Press Release (Measures to end Ebola outbreak) "	http://reliefweb.int/report/sierra-leone/press-release-measures-end-ebola-outbreak-24th-september-2014	"Residents in these chiefdoms must not travel to any other chiefdom until further notice."	SL	8620	Northern	ADM1
ID1019	Domestic	"Sierra Leone"	Koya	n/a	"Area Blockade"	Quarantine	Northern	SL02	"Port Loko"	SL0204	Koya	SL0204080	2014-09-25	n/a	"Government of Sierra Leone - Press Release (Measures to end Ebola outbreak) "	http://reliefweb.int/report/sierra-leone/press-release-measures-end-ebola-outbreak-24th-september-2014	"Residents in these chiefdoms must not travel to any other chiefdom until further notice."	SL	8620	Northern	ADM1
ID1020	Domestic	"Sierra Leone"	"Masimera "	n/a	"Area Blockade"	Quarantine	Northern	SL02	"Port Loko"	SL0204	"Masimera "	SL0204084	2014-09-25	n/a	"Government of Sierra Leone - Press Release (Measures to end Ebola outbreak) "	http://reliefweb.int/report/sierra-leone/press-release-measures-end-ebola-outbreak-24th-september-2014	"Residents in these chiefdoms must not travel to any other chiefdom until further notice."	SL	8620	Northern	ADM1
ID1021	Domestic	"Sierra Leone"	"Bombali Shebora"	n/a	"Area Blockade"	Quarantine	Northern	SL02	Bombali	SL0201	"Bombali Shebora"	SL0201046	2014-09-25	n/a	"Government of Sierra Leone - Press Release (Measures to end Ebola outbreak) "	http://reliefweb.int/report/sierra-leone/press-release-measures-end-ebola-outbreak-24th-september-2014	"Residents in these chiefdoms must not travel to any other chiefdom until further notice."	SL	8620	Northern	ADM1
ID1022	Domestic	"Sierra Leone"	"Makarie Gbanti"	n/a	"Area Blockade"	Quarantine	Northern	SL02	Bombali	SL0201	"Makarie Gbanti"	SL0201051	2014-09-25	n/a	"Government of Sierra Leone - Press Release (Measures to end Ebola outbreak) "	http://reliefweb.int/report/sierra-leone/press-release-measures-end-ebola-outbreak-24th-september-2014	"Residents in these chiefdoms must not travel to any other chiefdom until further notice."	SL	8620	Northern	ADM1
ID1023	Domestic	"Sierra Leone"	"Gbendembu Gowahun"	n/a	"Area Blockade"	Quarantine	Northern	SL02	Bombali	SL0201	"Gbendembu Gowahun"	SL0201048	2014-09-25	n/a	"Government of Sierra Leone - Press Release (Measures to end Ebola outbreak) "	http://reliefweb.int/report/sierra-leone/press-release-measures-end-ebola-outbreak-24th-september-2014	"Residents in these chiefdoms must not travel to any other chiefdom until further notice."	SL	8620	Northern	ADM1
ID1024	Domestic	"Sierra Leone"	"Paki Masabong"	n/a	"Area Blockade"	Quarantine	Northern	SL02	Bombali	SL0201	"Paki Masabong"	SL0201052	2014-09-25	n/a	"Government of Sierra Leone - Press Release (Measures to end Ebola outbreak) "	http://reliefweb.int/report/sierra-leone/press-release-measures-end-ebola-outbreak-24th-september-2014	"Residents in these chiefdoms must not travel to any other chiefdom until further notice."	SL	8620	Northern	ADM1
ID1025	Domestic	"Sierra Leone"	Fakunya	n/a	"Area Blockade"	Quarantine	Southern	SL03	Moyamba	SL0303	Fakunya	SL0303128	2014-09-25	n/a	"Government of Sierra Leone - Press Release (Measures to end Ebola outbreak) "	http://reliefweb.int/report/sierra-leone/press-release-measures-end-ebola-outbreak-24th-september-2014	"Residents in these chiefdoms must not travel to any other chiefdom until further notice."	SL	8621	Southern	ADM1
ID1026	Domestic	"Sierra Leone"	"Lower Banta (aka Banta Gbangbatote)"	n/a	"Area Blockade"	Quarantine	Southern	SL03	Moyamba	SL0303	"Lower Banta (aka Banta Gbangbatote)"	SL0303124	2014-09-25	n/a	"Government of Sierra Leone - Press Release (Measures to end Ebola outbreak) "	http://reliefweb.int/report/sierra-leone/press-release-measures-end-ebola-outbreak-24th-september-2014	"Residents in these chiefdoms must not travel to any other chiefdom until further notice."	SL	8621	Southern	ADM1
ID1027	Domestic	"Sierra Leone"	"Bumpeh "	n/a	"Area Blockade"	Quarantine	Southern	SL03	Moyamba	SL0303	"Bumpeh "	SL0303126	2014-09-25	n/a	"Government of Sierra Leone - Press Release (Measures to end Ebola outbreak) "	http://reliefweb.int/report/sierra-leone/press-release-measures-end-ebola-outbreak-24th-september-2014	"Residents in these chiefdoms must not travel to any other chiefdom until further notice."	SL	8621	Southern	ADM1
ID1028	Domestic	"Sierra Leone"	"Pehe Bongre"	n/a	"Area Blockade"	"Restricted Movement"	Eastern	SL01	Kailahun	SL0101	"Pehe Bongre"	SL0101010	2014-08-12	n/a	"Newsweek - Sierra Leone Jokibu Quarantine"	http://www.newsweek.com/ebola-sierra-leone-jokibu-quarantine-264178	"Local villages imposing own methods of quarantine."	SL	8619	Eastern	ADM1
ID1029	Domestic	"Sierra Leone"	Nieni	n/a	"Area Blockade"	"Restricted Movement"	Northern	SL02	Koinadugu	SL0203	Nieni	SL0203070	2014-10-31	n/a	"The Guardian - On Our Radar"	https://witness.theguardian.com/assignment/541c1101e4b0e32cb9c53a41/1198564	"Nieni chiefdom has been placed under quarantine."	SL	8620	Northern	ADM1
ID1030	Domestic	"Sierra Leone"	"Moyamba Town"	n/a	"Area Blockade"	"Restricted Movement"	Southern	SL03	Moyamba	SL0303	Kaiyamba	SL0303130	2014-09-22	n/a	"International SOS - Sierra Leone"	https://www.internationalsos.com/ebola/index.cfm?content_id=397&language_id=ENG	"Moyamba Town entered effective lockdown with most houses under quarantine. In response to people participating in the recent burial of a prominent citizen."	SL	8621	Southern	ADM1
ID1031	Domestic	"Sierra Leone"	"Moyamba Junction"	n/a	"Area Blockade"	"Restricted Movement"	Southern	SL03	Moyamba	SL0303	Fakunya	SL0303128	2014-09-22	n/a	"International SOS - Sierra Leone"	https://www.internationalsos.com/ebola/index.cfm?content_id=397&language_id=ENG	"Moyamba Junction entered effective lockdown with most houses under quarantine. In response to people participating in the recent burial of a prominent citizen."	SL	8621	Southern	ADM1
ID1032	Domestic	"Sierra Leone"	Kigbal	n/a	"Area Blockade"	Quarantine	Northern	SL02	"Port Loko"	SL0204	Lokomasama	SL0204081	2014-11-09	n/a	"Agence France Press - Rural Sierra Leone Waits for Help"	http://reliefweb.int/report/sierra-leone/rural-sierra-leone-waits-help-ebola-does-its-worst	"The hamlet of Kigal is ""red zone"" and under quarantine."	SL	8620	Northern	ADM1
ID1033	Domestic	"Sierra Leone"	Koidu	n/a	"National Law"	"Movement Order"	Eastern	SL01	Kono	SL0103	Gbense	SL0103034	2014-10-21	n/a	"Acaps - Global Emergency Overview"	http://reliefweb.int/sites/reliefweb.int/files/resources/geo%204Nov2014.pdf	"Authorities impose a curfew on the town of Koidu after rioting."	SL	8619	Eastern	ADM1
ID1034	Domestic	"Sierra Leone"	Makpele	n/a	"Area Blockade"	Potential	Southern	SL03	Pujehun	SL0304	Makpele	SL0304140	n/a	n/a	"Government of Sierra Leone - Press Release"	http://www.statehouse.gov.sl/index.php/component/content/article/34-news-articles/1001--press-release	"Homes will be quarantined when suspected cases are identified."	SL	8621	Southern	ADM1
ID1035	Domestic	"Sierra Leone"	Tane	n/a	"Area Blockade"	Potential	Northern	SL02	Tonkolili	SL0205	Tane	SL0205096	n/a	n/a	"Government of Sierra Leone - Press Release"	http://www.statehouse.gov.sl/index.php/component/content/article/34-news-articles/1001--press-release	"Homes will be quarantined when suspected cases are identified."	SL	8620	Northern	ADM1
ID1036	Domestic	"Sierra Leone"	Gbonkolenken	n/a	"Area Blockade"	Potential	Northern	SL02	Tonkolili	SL0205	Gbonkolenken	SL0205087	n/a	n/a	"Government of Sierra Leone - Press Release"	http://www.statehouse.gov.sl/index.php/component/content/article/34-news-articles/1001--press-release	"Homes will be quarantined when suspected cases are identified."	SL	8620	Northern	ADM1
ID1037	Domestic	"Sierra Leone"	Mambolo	n/a	"Area Blockade"	Potential	Northern	SL02	Kambia	SL0202	Mambolo	SL0202061	n/a	n/a	"Government of Sierra Leone - Press Release"	http://www.statehouse.gov.sl/index.php/component/content/article/34-news-articles/1001--press-release	"Homes will be quarantined when suspected cases are identified."	SL	8620	Northern	ADM1
ID1038	Domestic	Liberia	Liberia	n/a	"National Law"	"Community Response"	n/a	n/a	n/a	n/a	n/a	n/a	2014-08-01	n/a	"The Guardian - State of Emergency declared in Liberia and Sierra Leone"	http://www.theguardian.com/society/2014/jul/31/ebola-outbreak-state-of-emergency-liberia-sierra-leone	"Liberia declares a state of emergency which leads to the closure of schools and markets and the quarantining of affected communities."	LR	0		
ID1039	Domestic	Liberia	Liberia	n/a	"National Law"	"Community Response"	n/a	n/a	n/a	n/a	n/a	n/a	2014-10-23	n/a	"Agence France-Presse - Ebola hit Liberia unveils strict border checks"	http://reliefweb.int/report/liberia/ebola-hit-liberia-unveils-strict-border-checks	"Liberian President announced strict new border controls with neighbouring Guinea and Sierra Leone."	LR	0		
ID1040	Domestic	Liberia	Liberia	n/a	"National Law"	"Movement Order"	n/a	n/a	n/a	n/a	n/a	n/a	2014-08-06	n/a	"AllAfrica - Liberia: Stay Home Orders Extended"	http://allafrica.com/stories/201409010975.html	"All non-essential workers have been told not to come to work with promise that all government workers would still be paid."	LR	0		
ID1041	Domestic	Liberia	Liberia	n/a	"National Law"	"Movement Order"	n/a	n/a	n/a	n/a	n/a	n/a	2014-07-30	n/a	"BBC News - Ebola: Liberia Shuts Schools to Tackle Outbreak"	http://www.bbc.co.uk/news/world-africa-28576010	"All schools are closed."	LR	0		
ID1042	Domestic	Liberia	Liberia	n/a	"National Law"	"Movement Order"	n/a	n/a	n/a	n/a	n/a	n/a	2014-08-20	2014-09-07	"Al Jazeera - Liberia Declares Curfew"	http://www.aljazeera.com/news/africa/2014/08/liberia-declares-curfew-ebola-battle-201481923313312825.html	"Night-time curfew of 21.00-06.00 imposed. No mentioned of the breach consequences."	LR	0		
ID1043	Domestic	Liberia	Liberia	n/a	"National Law"	"Movement Order"	n/a	n/a	n/a	n/a	n/a	n/a	2014-09-08	n/a	"AllAfrica - Government lifts quarantine and adjust curfew"	http://allafrica.com/stories/201409090572.html	"Night-time curfew updated to 23.00-06.00 for more reasonable hours longer term."	LR	0		
ID1044	Domestic	Liberia	Liberia	n/a	"National Law"	"Community Response"	n/a	n/a	n/a	n/a	n/a	n/a	2014-10-03	n/a	"Acaps - Global Emergency Overview"	http://reliefweb.int/sites/reliefweb.int/files/resources/geo_43.pdf	"Parliament criminalised the deliberate concealment of information about people with contagious diseases such as Ebola and HIV."	LR	0		
ID1045	Domestic	Liberia	Liberia	n/a	"National Law"	"Movement Order"	n/a	n/a	n/a	n/a	n/a	n/a	2014-07-30	n/a	"Acaps - Global Emergency Overview / UNMEER - External Situation Report"	http://reliefweb.int/sites/reliefweb.int/files/resources/geo_43.pdf	"All markets in border areas are closed until further notice. As of 13 October, around 60 percent of markets outside Monrovia have closed or scaled down."	LR	0		
ID1046	Domestic	Liberia	Liberia	n/a	"National Law"	"Community Response"	n/a	n/a	n/a	n/a	n/a	n/a	2014-10-06	n/a	"International SOS - Latest News "	https://www.internationalsos.com/ebola/index.cfm?content_id=407&language_id=ENG	"Journalists must now secure written permission from the Ministry of Health if they want to take photographs or conduct interviews at Ebola healthcare facilities."	LR	0		
ID1047	Domestic	Liberia	Bomi	n/a	"Area Blockade"	Quarantine	Bomi	LR01	n/a	n/a	n/a	n/a	2014-08-08	n/a	"Monrovia Inquirer - AFL Launches Operation White Shield"	http://monroviainquirer.com/2014/08/08/remain-where-you-are-for-21-days-says-defense-minister-as-afl-launches-operation-white-shield-several-commuters-stranded-at-klay-checkpoint/	"Quarantined by government. Military checkpoints and restricted movement of people."	LR	6058	Bomie	ADM1
ID1048	Domestic	Liberia	Bong	n/a	"Area Blockade"	Quarantine	Bong	LR02	n/a	n/a	n/a	n/a	2014-08-08	n/a	"Monrovia Inquirer - AFL Launches Operation White Shield"	http://monroviainquirer.com/2014/08/08/remain-where-you-are-for-21-days-says-defense-minister-as-afl-launches-operation-white-shield-several-commuters-stranded-at-klay-checkpoint/	"Quarantined by government. Military checkpoints and restricted movement of people."	LR	6586	Gbon	ADM1
ID1049	Domestic	Liberia	"Grand Cape Mount"	n/a	"Area Blockade"	Quarantine	"Grand Cape Mount"	LR05	n/a	n/a	n/a	n/a	2014-08-08	n/a	"Monrovia Inquirer - AFL Launches Operation White Shield"	http://monroviainquirer.com/2014/08/08/remain-where-you-are-for-21-days-says-defense-minister-as-afl-launches-operation-white-shield-several-commuters-stranded-at-klay-checkpoint/	"Quarantined by government. Military checkpoints and restricted movement of people. 35 known ""illegal"" entry points to Sierra Leone with order of shoot on sight."	LR	5517	"Grand Cape Mount"	ADM1
ID1050	Domestic	Liberia	Lofa	n/a	"Area Blockade"	Quarantine	Lofa	LR08	n/a	n/a	n/a	n/a	2014-08-08	n/a	"Monrovia Inquirer - AFL Launches Operation White Shield"	http://monroviainquirer.com/2014/08/08/remain-where-you-are-for-21-days-says-defense-minister-as-afl-launches-operation-white-shield-several-commuters-stranded-at-klay-checkpoint/	"Quarantined by government. Military checkpoints and restricted movement of people."	LR	7068	Lofa	ADM1
ID1051	Domestic	Liberia	Gbarpolu	n/a	"Area Blockade"	Quarantine	Gbarpolu	LR03	n/a	n/a	n/a	n/a	2014-08-08	n/a	"AllAfrica - Liberia Operation White Shield"	http://allafrica.com/stories/201408080945.html?viewall=1	"Quarantined by government."	LR	5515	Gbarpolu	ADM1
ID1052	Domestic	Liberia	Montserrado	n/a	"Area Blockade"	"Restricted Movement"	Montserrado	LR11	n/a	n/a	n/a	n/a	2014-08-14	n/a	"MoF Liberia - News Summary "	http://www.mofa.gov.lr/public2/2press.php?news_id=1241&related=7&pg=sp	"Restricted movement of people."	LR	5523	Montserrado	ADM1
ID1053	Domestic	Liberia	Margibi	n/a	"Area Blockade"	"Restricted Movement"	Margibi	LR09	n/a	n/a	n/a	n/a	2014-08-14	n/a	"MoF Liberia - News Summary "	http://www.mofa.gov.lr/public2/2press.php?news_id=1241&related=7&pg=sp	"Restricted movement of people."	LR	5521	Margibi	ADM1
ID1054	Domestic	Liberia	"Grand Bassa"	n/a	"Area Blockade"	"Restricted Movement"	"Grand Bassa"	LR04	n/a	n/a	n/a	n/a	2014-08-14	n/a	"MoF Liberia - News Summary "	http://www.mofa.gov.lr/public2/2press.php?news_id=1241&related=7&pg=sp	"Restricted movement of people."	LR	5516	"Grand Bassa"	ADM1
ID1055	Domestic	Liberia	"Grand Gedeh"	n/a	"Area Blockade"	"Restricted Movement"	"Grand Gedeh"	LR06	n/a	n/a	n/a	n/a	2014-08-14	n/a	"MoF Liberia - News Summary "	http://www.mofa.gov.lr/public2/2press.php?news_id=1241&related=7&pg=sp	"Restricted movement of people."	LR	5518	"Grand Gedeh"	ADM1
ID1056	Domestic	Liberia	"District 1"	n/a	"National Law"	"Movement Order"	"Grand Bassa"	LR04	"District 1"	LR0402	n/a	n/a	2014-09-25	n/a	"AllAfrica - Liberia Ebola Quarrel"	http://allafrica.com/stories/201409251001.html	"All weekly markets in District 1 have been temporarily closed."	LR	5516	"Grand Bassa"	ADM1
ID1057	Domestic	Liberia	Foya	n/a	"Area Blockade"	Quarantine	Lofa	LR08	Foya	LR0801	n/a	n/a	2014-08-20	n/a	"International SOS - Latest News "	https://www.internationalsos.com/ebola/index.cfm?content_id=407&language_id=ENG	"WHO quarantine zone."	LR	7068	Lofa	ADM1
ID1058	Domestic	Liberia	Bopolu	n/a	"Area Blockade"	Quarantine	Gbarpolu	LR03	Bopolu	LR0303	n/a	n/a	2014-08-06	n/a	"Examiner - Ebola Cases Climb in Liberia and Sierra Leone"	http://www.examiner.com/article/ebola-cases-climb-liberia-and-sierra-leone	"Military roadblocks."	LR	5515	Gbarpolu	ADM1
ID1059	Domestic	Liberia	Klay	n/a	"Area Blockade"	Quarantine	Bomi	LR01	Klay	LR0102	n/a	n/a	2014-08-06	n/a	"Monrovia Inquirer - AFL Launches Operation White Shield"	http://monroviainquirer.com/2014/08/08/remain-where-you-are-for-21-days-says-defense-minister-as-afl-launches-operation-white-shield-several-commuters-stranded-at-klay-checkpoint/	"Military roadblocks."	LR	6058	Bomie	ADM1
ID1060	Domestic	Liberia	Firestone	n/a	"Area Blockade"	Quarantine	Margibi	LR09	Firestone	LR0901	n/a	n/a	2014-08-20	n/a	"UNMIL - Situation Report"	http://www.frontpageafricaonline.com/images/ebola/ebola_sitrep_unmil_aug22.pdf	"Quarantine led by AFL taskforce."	LR	5521	Margibi	ADM1
ID1061	Domestic	Liberia	"West Point Slum (Monrovia)"	n/a	"Area Blockade"	Quarantine	Montserrado	LR11	"Greater Monrovia"	LR1103	Monrovia	LR1103207	2014-08-20	2014-08-31	"Associated Press - Liberian Forces Seal Slum / Reuters - Celebration in Liberia slum as Ebola quarantine lifted"	http://hosted.ap.org/dynamic/stories/E/EBOLA?SITE=AP&SECTION=HOME&TEMPLATE=DEFAULT&CTIME=2014-08-19-19-43-13	"Quarantine was controversial within the slum."	LR	5523	Montserrado	ADM1
ID1062	Domestic	Liberia	"Dolo Town"	n/a	"Area Blockade"	Quarantine	Margibi	LR09	Firestone	LR0901	Firestone	LR0901172	2014-08-20	2014-09-08	"Daily Mail - Quarantined Gunpoint / AllAfrica - Government lifts Quarantine and adjust curfew"	http://www.dailymail.co.uk/news/article-2734106/Quarantined-gunpoint-desperate-hungry-ordeal-towns-quarantine-Ebola-epidemic.html	"Weapon guarded quarantine with 20,000 people inside but lifted due to positive results vis-à-vis ebola."	LR	5521	Margibi	ADM1
ID1063	Domestic	Liberia	"Voinjama City"	n/a	"Area Blockade"	"Restricted Movement"	Lofa	LR08	Voinjama	LR0806	"Upper Worker"	LR0806167	2014-08-06	n/a	"Monrovia Inquirer - AFL Launches Operation White Shield"	http://monroviainquirer.com/2014/08/08/remain-where-you-are-for-21-days-says-defense-minister-as-afl-launches-operation-white-shield-several-commuters-stranded-at-klay-checkpoint/	"Restricted movement of people."	LR	7068	Lofa	ADM1
ID1064	Domestic	Liberia	Tubmanburg	n/a	"Area Blockade"	"Restricted Movement"	Bomi	LR01	Klay	LR0102	"Senjeh "	LR0102010	2014-08-06	n/a	"Heritage Liberia - No Access to Bomi"	http://www.news.heritageliberia.net/index.php/inside-heritage/general-news/78-slides/3620-to-contain-ebola-no-access-to-bomi	"Neighbourhood of Tubmanburg City has been quarantined following the discovery of dead bodies."	LR	6058	Bomie	ADM1
ID1065	Domestic	Liberia	"Bo Waterside Town"	n/a	"Area Blockade"	"Restricted Movement"	"Grand Cape Mount"	LR05	Tewor	LR0505	"Fahnbulleh "	LR0505076	2014-08-06	n/a	"Monrovia Inquirer - AFL Launches Operation White Shield"	http://monroviainquirer.com/2014/08/08/remain-where-you-are-for-21-days-says-defense-minister-as-afl-launches-operation-white-shield-several-commuters-stranded-at-klay-checkpoint/	"Restricted movement of people and military presence. Order to shoot at Sierra Leones crossing the border."	LR	5517	"Grand Cape Mount"	ADM1
ID1066	Domestic	Liberia	"Sinje Town"	n/a	"Area Blockade"	"Restricted Movement"	"Grand Cape Mount"	LR05	Garwula	LR0502	"Lower Garwula"	LR0502068	2014-08-06	n/a	"Monrovia Inquirer - AFL Launches Operation White Shield"	http://monroviainquirer.com/2014/08/08/remain-where-you-are-for-21-days-says-defense-minister-as-afl-launches-operation-white-shield-several-commuters-stranded-at-klay-checkpoint/	"Military presence."	LR	5517	"Grand Cape Mount"	ADM1
ID1067	Domestic	Liberia	"Po River Town"	n/a	"Area Blockade"	"Restricted Movement"	Montserrado	LR11	"St. Paul River"	LR1104	MISSING	MISSING	2014-08-06	n/a	"Monrovia Inquirer - AFL Launches Operation White Shield"	http://monroviainquirer.com/2014/08/08/remain-where-you-are-for-21-days-says-defense-minister-as-afl-launches-operation-white-shield-several-commuters-stranded-at-klay-checkpoint/	"PRECISE LOCATION CURRENTLY UNKNOWN. Military presence."	LR	5523	Montserrado	ADM1
ID1068	Domestic	Liberia	"Gbarkedu Town"	n/a	"Area Blockade"	Quarantine	Lofa	LR08	"Quardu Boundi"	LR0803	MISSING	MISSING	2014-08-06	n/a	"Monrovia Inquirer - AFL Launches Operation White Shield"	http://monroviainquirer.com/2014/08/08/remain-where-you-are-for-21-days-says-defense-minister-as-afl-launches-operation-white-shield-several-commuters-stranded-at-klay-checkpoint/	"Quarantined as one of the most affected towns in the epicentre border region."	LR	7068	Lofa	ADM1
ID1069	Domestic	Liberia	"Cheborken Town"	n/a	"Area Blockade"	Quarantine	Sinoe	LR15	Jeadepo	LR1507	MISSING	MISSING	2014-10-03	n/a	"Liberian Ministry of Health and Social Welfare - Situation Report"	http://www.mohsw.gov.lr/documents/Liberia%20Ebola%20Sit%20Rep%20141%20Oct%203rd,%202014.%20(1).pdf	"PRECISE LOCATION CURRENTLY UNKNOWN. Quarantined by local authorities after their refusal to allow safe burial and specimen collection. "	LR	5526	Sinoe	ADM1
ID1070	Domestic	Liberia	"Parluken Town"	n/a	"Area Blockade"	Quarantine	"Grand Kru"	LR18	Buah	LR1830	Forpoh	LR1830138	2014-09-26	n/a	"Acaps - Global Emergency Overview"	http://reliefweb.int/sites/reliefweb.int/files/resources/geo_43.pdf	"The Parluken community is under quarantine following the first reported Ebola cases in the area."	LR	5519	"Grand Kru"	ADM1
ID1071	Domestic	Liberia	"Gwee Town"	n/a	"Area Blockade"	Quarantine	Montserrado	LR11	Todee	LR1149	Kpo	LR1149217	2014-09-15	n/a	"UNDP - Ebola Virus Disease Situation Report"	http://www.lr.undp.org/content/dam/liberia/docs/EBOLA%20INFORMATION/SITREPS/Ebola%20Sitreps%20on%20Liberia/Ebola%20SitRep%2015%2009%2014.pdf	"Quarantined following the death of two persons (mother and child)."	LR	5523	Montserrado	ADM1
ID1072	Domestic	Liberia	Nimba	n/a	"Border Closure"	"Local Border Crossing"	Nimba	LR12	n/a	n/a	n/a	n/a	2014-08-17	n/a	"Daily Observer - Government Closes Nimba Grand Gedeh Boundary"	http://www.liberianobserver.com/security/gov%E2%80%99t-closes-nimba-grand-gedeh-boundary	"The border crossing between Grand Gedeh and Nimba is closed. Crossing at Cestor River closed with military presence."	LR	5524	Nimba	ADM1
ID1073	Domestic	Liberia	Nimba	n/a	"Border Closure"	"Local Border Crossing"	Nimba	LR12	n/a	n/a	n/a	n/a	2014-08-13	n/a	"Daily Observer - Government Closes Nimba Grand Gedeh Boundary"	http://www.liberianobserver.com/security/gov%E2%80%99t-closes-nimba-grand-gedeh-boundary	"The border crossing between Bong and Nimba (St Paul River) is closed."	LR	5524	Nimba	ADM1
ID1074	Domestic	Liberia	Lofa	n/a	"Border Closure"	"Local Border Crossing"	Lofa	LR08	n/a	n/a	n/a	n/a	2014-08-06	n/a	"Monrovia Inquirer - AFL Launches Operation White Shield"	http://monroviainquirer.com/2014/08/08/remain-where-you-are-for-21-days-says-defense-minister-as-afl-launches-operation-white-shield-several-commuters-stranded-at-klay-checkpoint/	"The border crossing between Lofa and Bong countries (St. Paul's Bridge) is closed with military checkpoint."	LR	7068	Lofa	ADM1
ID1075	Domestic	Guinea	Guinea	n/a	"National Law"	"Movement Order"	n/a	n/a	n/a	n/a	n/a	n/a	2014-09-18	n/a	"Africa Review - Guinea postpones reopening of schools / UN News Centre - UN budget committee approves funding"	http://www.africareview.com/News/Guinea-postpones-reopening-of-schools-due-to-Ebola/-/979180/2445502/-/wwb4omz/-/index.html	"Government announces schools will not open for the new school year until ebola has subsided. Primary schools, secondary schools and universities are closed."	GN	0		
ID1076	Domestic	Guinea	Guinea	n/a	"National Law"	"Movement Order"	n/a	n/a	n/a	n/a	n/a	n/a	2014-08-13	n/a	"Guinea News - Health Emergency Declaration in Guinea"	http://guineenews.org/letat-durgence-sanitaire-nationale-decrete-en-guinee-les-dix-consignes-des-autorites/	"Guinea declares a state of emergency and non-specific 'cordon sanitaire' declared with restriction of movement mentioned."	GN	0		
ID1077	Domestic	Guinea	Guinea	n/a	"National Law"	"Movement Order"	n/a	n/a	n/a	n/a	n/a	n/a	2014-08-13	n/a	"Acaps - Global Emergency Overview"	http://reliefweb.int/sites/reliefweb.int/files/resources/geo_43.pdf	"Ban announced on moving bodies from own town to another until the end of the epidemic."	GN	0		
ID1078	Domestic	Guinea	"Macenta Ctre (City)"	n/a	"Area Blockade"	"Restricted Movement"	Nzerekore	GN08	Macenta	GN0804	"Macenta Ctre (City)"	GN0804311	2014-09-08	n/a	"News Observer - Ebola surging in"	http://www.newsobserver.com/2014/09/08/4132833_ebola-is-surging-in-places-it.html?rh=1	"Authorities restricting access."	GN	8	Nzerekore	ADM1
ID1079	Domestic	Guinea	"Nzerekore Ctre (City)"	n/a	"Area Blockade"	Quarantine	Nzerekore	GN08	Nzerekore	GN0805	"Nzerekore Ctre (City)"	GN0805324	2014-08-29	2014-08-30	"Polity - Ebola outbreak reaches Senegal, riots break out in Guinea"	http://www.polity.org.za/article/ebola-outbreak-reaches-senegal-riots-break-out-in-guinea-2014-09-01	"24-hour curfew imposed after riots broke out in response to health workers spraying market with disinfectant without notice."	GN	8	Nzerekore	ADM1
ID1080	Domestic	Guinea	Gueckedou	n/a	"Area Blockade"	Quarantine	Nzerekore	GN08	Gueckedou	GN0802	n/a	n/a	2014-08-20	n/a	"International SOS - Latest News "	https://www.internationalsos.com/ebola/index.cfm?content_id=407&language_id=ENG	"WHO quarantine zone."	GN	8	Nzerekore	ADM1
ID1081	Domestic	Nigeria	Nigeria	n/a	"National Law"	"Community Response"	n/a	n/a	n/a	n/a	n/a	n/a	2014-08-09	2014-10-20	"BBC - Nigiera declares national emergency"	http://www.bbc.co.uk/news/world-africa-28715939	"Nigeria declares state of emergency and commits funds to containing Ebola outbreak. On 20 October, WHO declares Nigeria as Ebola-free."	NG	0		
ID1082	Domestic	Nigeria	Nigeria	n/a	"National Law"	"Movement Order"	n/a	n/a	n/a	n/a	n/a	n/a	2014-08-27	2014-09-22	"BBC - Nigeria closes all schools"	http://www.bbc.co.uk/news/world-africa-28950347	"The re-opening of schools was postponed until 22 September (earlier than original plan of 13 October) due to Ebola concerns."	NG	0		
ID1083	Domestic	Nigeria	Lagos	n/a	"National Law"	"Movement Order"	Lagos	NG025	n/a	n/a	n/a	n/a	2014-09-22	2014-10-08	"Agence France-Presse - Most, but not all, of Nigeria’s students back to school after Ebola lay off"	http://reliefweb.int/report/nigeria/most-not-all-nigerias-students-back-school-after-ebola-lay	"School ban remains in Lagos until 8 October."	NG	7848	Lagos	ADM1
ID1084	Domestic	Senegal	Senegal	n/a	"National Law"	"Movement Order"	n/a	n/a	n/a	n/a	n/a	n/a	2014-09-03	n/a	"WFP - West and Central Africa"	http://reliefweb.int/sites/reliefweb.int/files/resources/West%20And%20Central%20Africa%20Market%20Update,%20Special%20Issue%20on%20the%20Ebola%20Outbreak,%2029%20September%202014.pdf	"Senegal's Minister of Interior requested the closure of 16 weekly markets along the border with Guinea."	SN	0		
ID1085	International	Guinea	Gueckedou	Liberia	"Area Blockade"	Quarantine	Nzerekore	GN08	Gueckedou	GN0802	n/a	n/a	2014-08-01	n/a	"WHO - Ebola Virus Disease"	http://www.afro.who.int/en/clusters-a-programmes/dpc/epidemic-a-pandemic-alert-and-response/outbreak-news/4239-ebola-virus-disease-west-africa-4-august-2014.html	"Ebola affected countries agreed at an emergency summit to impose a cross-border isolation zone at the epicentre of the outbreak. Often termed 'unified sector'."	GN	8	Nzerekore	ADM1
ID1086	International	Liberia	Foya	"Sierra Leone"	"Area Blockade"	Quarantine	Lofa	LR08	Foya	LR0801	n/a	n/a	2014-08-01	n/a	"WHO - Ebola Virus Disease"	http://www.afro.who.int/en/clusters-a-programmes/dpc/epidemic-a-pandemic-alert-and-response/outbreak-news/4239-ebola-virus-disease-west-africa-4-august-2014.html	"Ebola affected countries agreed at an emergency summit to impose a cross-border isolation zone at the epicentre of the outbreak. Often termed 'unified sector'."	LR	7068	Lofa	ADM1
ID1087	International	"Sierra Leone"	Kenema	Guinea	"Area Blockade"	Quarantine	Eastern	SL01	Kenema	SL0102	n/a	n/a	2014-08-01	n/a	"WHO - Ebola Virus Disease"	http://www.afro.who.int/en/clusters-a-programmes/dpc/epidemic-a-pandemic-alert-and-response/outbreak-news/4239-ebola-virus-disease-west-africa-4-august-2014.html	"Ebola affected countries agreed at an emergency summit to impose a cross-border isolation zone at the epicentre of the outbreak. Often termed 'unified sector'."	SL	8619	Eastern	ADM1
ID1088	International	Liberia	"Roberts International Airport"	n/a	"Border Closure"	"Flight Restrictions"	n/a	n/a	n/a	n/a	n/a	n/a	2014-08-06	n/a	"Government of Liberia - Brown Explains State of Emergency"	"http://micatliberia.com/index.php/ebola-update/946-brown-explains-state-of-emergency.html / http://www.logcluster.org/ops/ebola14"	"Roberts International Airport has limited services and suspended flights. All aircraft for Roberts International Airport must request a ground reservation at least 48 hours before arrival."	LR	0		
ID1089	International	Guinea	n/a	"Ivory Coast"	"Border Closure"	"Flight Restrictions"	n/a	n/a	n/a	n/a	n/a	n/a	2014-08-11	2014-09-26	"Reuters - Ivory Coast imposes travel restrictions as Ebola fears spread"	http://uk.reuters.com/article/2014/08/12/uk-health-ebola-africa-idUKKBN0GB1TD20140812	"Ivory Coast closed airports to flights to and from Ebola affected areas. Ivory coast has resumed flights."	GN	0		
ID1090	International	Liberia	n/a	"Ivory Coast"	"Border Closure"	"Flight Restrictions"	n/a	n/a	n/a	n/a	n/a	n/a	2014-08-11	2014-09-26	"Reuters - Ivory Coast imposes travel restrictions as Ebola fears spread"	http://uk.reuters.com/article/2014/08/12/uk-health-ebola-africa-idUKKBN0GB1TD20140812	"Ivory Coast closed airports to flights to and from Ebola affected areas. Ivory Coast has resumed flights."	LR	0		
ID1091	International	"Sierra Leone"	n/a	"Ivory Coast"	"Border Closure"	"Flight Restrictions"	n/a	n/a	n/a	n/a	n/a	n/a	2014-08-11	2014-09-26	"Reuters - Ivory Coast imposes travel restrictions as Ebola fears spread"	http://uk.reuters.com/article/2014/08/12/uk-health-ebola-africa-idUKKBN0GB1TD20140812	"Ivory Coast closed airports to flights to and from Ebola affected areas. Ivory Coast has resumed flights."	SL	0		
ID1092	International	Guinea	n/a	Senegal	"Border Closure"	"Flight Restrictions"	n/a	n/a	n/a	n/a	n/a	n/a	2014-08-21	2014-09-25	"International SOS - Travel security advisories - Flight bans and closures"	https://www.internationalsos.com/ebola/index.cfm?content_id=435&language_id=ENG	"Senegal has closed air border to Guinea, Liberia and Sierra Leone. On 25/9/14 humanitarian air-bridge between Dakar, Senegal and three affected countries was opened. Special humanitarian passenger terminal constructed."	GN	0		
ID1093	International	Liberia	n/a	Senegal	"Border Closure"	"Flight Restrictions"	n/a	n/a	n/a	n/a	n/a	n/a	2014-08-21	2014-09-25	"International SOS - Travel security advisories - Flight bans and closures"	https://www.internationalsos.com/ebola/index.cfm?content_id=435&language_id=ENG	"Senegal has closed air border to Guinea, Liberia and Sierra Leone. On 25/9/14 humanitarian air-bridge between Dakar, Senegal and three affected countries was opened. Special humanitarian passenger terminal constructed."	LR	0		
ID1094	International	"Sierra Leone"	n/a	Senegal	"Border Closure"	"Flight Restrictions"	n/a	n/a	n/a	n/a	n/a	n/a	2014-08-21	2014-09-25	"International SOS - Travel security advisories - Flight bans and closures"	https://www.internationalsos.com/ebola/index.cfm?content_id=435&language_id=ENG	"Senegal has closed air border to Guinea, Liberia and Sierra Leone. On 25/9/14 humanitarian air-bridge between Dakar, Senegal and three affected countries was opened. Special humanitarian passenger terminal constructed."	SL	0		
ID1095	International	Guinea	n/a	Zambia	"Border Closure"	"Flight Restrictions"	n/a	n/a	n/a	n/a	n/a	n/a	2014-08-10	n/a	"Express - Zambia border controls"	http://www.express.co.uk/news/world/497380/Ebola-Nigeria-Emergency-British-Airways-Goodluck-Jonathan-Kent-Brantly	"Zambia bans nationals from travelling to affected countries and entry of travellers from affected region."	GN	0		
ID1096	International	Liberia	n/a	Zambia	"Border Closure"	"Flight Restrictions"	n/a	n/a	n/a	n/a	n/a	n/a	2014-08-10	n/a	"Express - Zambia border controls"	http://www.express.co.uk/news/world/497380/Ebola-Nigeria-Emergency-British-Airways-Goodluck-Jonathan-Kent-Brantly	"Zambia bans nationals from travelling to affected countries and entry of travellers from affected region."	LR	0		
ID1097	International	"Sierra Leone"	n/a	Zambia	"Border Closure"	"Flight Restrictions"	n/a	n/a	n/a	n/a	n/a	n/a	2014-08-10	n/a	"Express - Zambia border controls"	http://www.express.co.uk/news/world/497380/Ebola-Nigeria-Emergency-British-Airways-Goodluck-Jonathan-Kent-Brantly	"Zambia bans nationals from travelling to affected countries and entry of travellers from affected region."	SL	0		
ID1098	International	Guinea	n/a	Chad	"Border Closure"	"Flight Restrictions"	n/a	n/a	n/a	n/a	n/a	n/a	2014-08-21	n/a	"International SOS - Travel security advisories - Flight bans and closures"	https://www.internationalsos.com/ebola/index.cfm?content_id=435&language_id=ENG	"Chad has suspended all flights from Guinea, Liberia and Sierra Leone."	GN	0		
ID1099	International	"Liberia "	n/a	Chad	"Border Closure"	"Flight Restrictions"	n/a	n/a	n/a	n/a	n/a	n/a	2014-08-21	n/a	"International SOS - Travel security advisories - Flight bans and closures"	https://www.internationalsos.com/ebola/index.cfm?content_id=435&language_id=ENG	"Chad has suspended all flights from Guinea, Liberia and Sierra Leone."		0		
ID1100	International	"Sierra Leone"	n/a	Chad	"Border Closure"	"Flight Restrictions"	n/a	n/a	n/a	n/a	n/a	n/a	2014-08-21	n/a	"International SOS - Travel security advisories - Flight bans and closures"	https://www.internationalsos.com/ebola/index.cfm?content_id=435&language_id=ENG	"Chad has suspended all flights from Guinea, Liberia and Sierra Leone."	SL	0		
ID1101	International	Nigeria	n/a	Chad	"Border Closure"	"Flight Restrictions"	n/a	n/a	n/a	n/a	n/a	n/a	2014-08-21	n/a	"International SOS - Travel security advisories - Flight bans and closures"	https://www.internationalsos.com/ebola/index.cfm?content_id=435&language_id=ENG	"Chad has suspended all flights from Nigeria."	NG	0		
ID1102	International	Guinea	n/a	Cameroon	"Border Closure"	"Flight Restrictions"	n/a	n/a	n/a	n/a	n/a	n/a	2014-08-18	n/a	"International SOS - Travel security advisories - Flight bans and closures"	https://www.internationalsos.com/ebola/index.cfm?content_id=435&language_id=ENG	"Cameroon has suspended all flights to Guinea, Liberia and Sierra Leone."	GN	0		
ID1103	International	"Liberia "	n/a	Cameroon	"Border Closure"	"Flight Restrictions"	n/a	n/a	n/a	n/a	n/a	n/a	2014-08-18	n/a	"International SOS - Travel security advisories - Flight bans and closures"	https://www.internationalsos.com/ebola/index.cfm?content_id=435&language_id=ENG	"Cameroon has suspended all flights to Guinea, Liberia and Sierra Leone."		0		
ID1104	International	"Sierra Leone"	n/a	Cameroon	"Border Closure"	"Flight Restrictions"	n/a	n/a	n/a	n/a	n/a	n/a	2014-08-18	n/a	"International SOS - Travel security advisories - Flight bans and closures"	https://www.internationalsos.com/ebola/index.cfm?content_id=435&language_id=ENG	"Cameroon has suspended all flights to Guinea, Liberia and Sierra Leone."	SL	0		
ID1105	International	Nigeria	n/a	Cameroon	"Border Closure"	"Flight Restrictions"	n/a	n/a	n/a	n/a	n/a	n/a	2014-08-18	n/a	"International SOS - Travel security advisories - Flight bans and closures"	https://www.internationalsos.com/ebola/index.cfm?content_id=435&language_id=ENG	"Cameroon has suspended all flights from Nigeria."	NG	0		
ID1106	International	Senegal	n/a	Cameroon	"Border Closure"	"Flight Restrictions"	n/a	n/a	n/a	n/a	n/a	n/a	2014-08-18	2014-09-17	"International SOS - Travel security advisories - Flight bans and closures"	https://www.internationalsos.com/ebola/index.cfm?content_id=435&language_id=ENG	"Cameroon has lifted ban on travellers from Senegal."	SN	0		
ID1107	International	Guinea	n/a	"South Sudan"	"Border Closure"	"Flight Restrictions"	n/a	n/a	n/a	n/a	n/a	n/a	2014-08-14	n/a	"South Sudan US Embassy - Travel Advisory Security Message for U.S. Citizens"	http://southsudan.usembassy.gov/sm81414.html	"South Sudan has suspended all flights to and from Guinea, Liberia and Sierra Leone."	GN	0		
ID1108	International	"Liberia "	n/a	"South Sudan"	"Border Closure"	"Flight Restrictions"	n/a	n/a	n/a	n/a	n/a	n/a	2014-08-14	n/a	"South Sudan US Embassy - Travel Advisory Security Message for U.S. Citizens"	http://southsudan.usembassy.gov/sm81414.html	"South Sudan has suspended all flights to and from Guinea, Liberia and Sierra Leone."		0		
ID1109	International	"Sierra Leone"	n/a	"South Sudan"	"Border Closure"	"Flight Restrictions"	n/a	n/a	n/a	n/a	n/a	n/a	2014-08-14	n/a	"South Sudan US Embassy - Travel Advisory Security Message for U.S. Citizens"	http://southsudan.usembassy.gov/sm81414.html	"South Sudan has suspended all flights to and from Guinea, Liberia and Sierra Leone."	SL	0		
ID1110	International	Guinea	n/a	Namibia	"Border Closure"	"Flight Restrictions"	n/a	n/a	n/a	n/a	n/a	n/a	2014-09-11	n/a	"International SOS - Travel security advisories - Flight bans and closures"	https://www.internationalsos.com/ebola/index.cfm?content_id=435&language_id=ENG	"Namibia banned entry to travellers from Ebola affected countries."	GN	0		
ID1111	International	"Liberia "	n/a	Namibia	"Border Closure"	"Flight Restrictions"	n/a	n/a	n/a	n/a	n/a	n/a	2014-09-11	n/a	"International SOS - Travel security advisories - Flight bans and closures"	https://www.internationalsos.com/ebola/index.cfm?content_id=435&language_id=ENG	"Namibia banned entry to travellers from Ebola affected countries."		0		
ID1112	International	"Sierra Leone"	n/a	Namibia	"Border Closure"	"Flight Restrictions"	n/a	n/a	n/a	n/a	n/a	n/a	2014-09-11	n/a	"International SOS - Travel security advisories - Flight bans and closures"	https://www.internationalsos.com/ebola/index.cfm?content_id=435&language_id=ENG	"Namibia banned entry to travellers from Ebola affected countries."	SL	0		
ID1113	International	Guinea	n/a	Gambia	"Border Closure"	"Flight Restrictions"	n/a	n/a	n/a	n/a	n/a	n/a	2014-09-01	n/a	"International SOS - Travel security advisories - Flight bans and closures"	https://www.internationalsos.com/ebola/index.cfm?content_id=435&language_id=ENG	"Gambia banned entry to travellers from Guinea, Liberia and Sierra Leone in the 21 days prior to travel."	GN	0		
ID1114	International	"Liberia "	n/a	Gambia	"Border Closure"	"Flight Restrictions"	n/a	n/a	n/a	n/a	n/a	n/a	2014-09-01	n/a	"International SOS - Travel security advisories - Flight bans and closures"	https://www.internationalsos.com/ebola/index.cfm?content_id=435&language_id=ENG	"Gambia banned entry to travellers from Guinea, Liberia and Sierra Leone in the 21 days prior to travel."		0		
ID1115	International	"Sierra Leone"	n/a	Gambia	"Border Closure"	"Flight Restrictions"	n/a	n/a	n/a	n/a	n/a	n/a	2014-09-01	n/a	"International SOS - Travel security advisories - Flight bans and closures"	https://www.internationalsos.com/ebola/index.cfm?content_id=435&language_id=ENG	"Gambia banned entry to travellers from Guinea, Liberia and Sierra Leone in the 21 days prior to travel."	SL	0		
ID1116	International	Nigeria	n/a	Gambia	"Border Closure"	"Flight Restrictions"	n/a	n/a	n/a	n/a	n/a	n/a	2014-09-01	n/a	"International SOS - Travel security advisories - Flight bans and closures"	https://www.internationalsos.com/ebola/index.cfm?content_id=435&language_id=ENG	"Gambia banned entry to travellers from Nigeria in the 21 days prior to travel."	NG	0		
ID1117	International	Guinea	n/a	"Cape Verde"	"Border Closure"	"Flight Restrictions"	n/a	n/a	n/a	n/a	n/a	n/a	2014-08-19	n/a	"International SOS - Travel security advisories - Flight bans and closures"	https://www.internationalsos.com/ebola/index.cfm?content_id=435&language_id=ENG	"Cape Verde banned entry to travellers from Guinea, Liberia and Sierra Leone for three months."	GN	0		
ID1118	International	"Liberia "	n/a	"Cape Verde"	"Border Closure"	"Flight Restrictions"	n/a	n/a	n/a	n/a	n/a	n/a	2014-08-19	n/a	"International SOS - Travel security advisories - Flight bans and closures"	https://www.internationalsos.com/ebola/index.cfm?content_id=435&language_id=ENG	"Cape Verde banned entry to travellers from Guinea, Liberia and Sierra Leone for three months."		0		
ID1119	International	"Sierra Leone"	n/a	"Cape Verde"	"Border Closure"	"Flight Restrictions"	n/a	n/a	n/a	n/a	n/a	n/a	2014-08-19	n/a	"International SOS - Travel security advisories - Flight bans and closures"	https://www.internationalsos.com/ebola/index.cfm?content_id=435&language_id=ENG	"Cape Verde banned entry to travellers from Guinea, Liberia and Sierra Leone for three months."	SL	0		
ID1120	International	Nigeria	n/a	"Cape Verde"	"Border Closure"	"Flight Restrictions"	n/a	n/a	n/a	n/a	n/a	n/a	2014-08-19	n/a	"International SOS - Travel security advisories - Flight bans and closures"	https://www.internationalsos.com/ebola/index.cfm?content_id=435&language_id=ENG	"Cape Verde banned entry to travellers from Nigeria for three months."	NG	0		
ID1121	International	Guinea	n/a	Rwanda	"Border Closure"	"Flight Restrictions"	n/a	n/a	n/a	n/a	n/a	n/a	2014-08-22	n/a	"International SOS - Travel security advisories - Flight bans and closures"	https://www.internationalsos.com/ebola/index.cfm?content_id=435&language_id=ENG	"Rwanda has banned entry to travellers who have visited Guinea, Liberia or Sierra Leone in the 22 days prior to travel."	GN	0		
ID1122	International	"Liberia "	n/a	Rwanda	"Border Closure"	"Flight Restrictions"	n/a	n/a	n/a	n/a	n/a	n/a	2014-08-22	n/a	"International SOS - Travel security advisories - Flight bans and closures"	https://www.internationalsos.com/ebola/index.cfm?content_id=435&language_id=ENG	"Rwanda has banned entry to travellers who have visited Guinea, Liberia or Sierra Leone in the 22 days prior to travel."		0		
ID1123	International	"Sierra Leone"	n/a	Rwanda	"Border Closure"	"Flight Restrictions"	n/a	n/a	n/a	n/a	n/a	n/a	2014-08-22	n/a	"International SOS - Travel security advisories - Flight bans and closures"	https://www.internationalsos.com/ebola/index.cfm?content_id=435&language_id=ENG	"Rwanda has banned entry to travellers who have visited Guinea, Liberia or Sierra Leone in the 22 days prior to travel."	SL	0		
ID1124	International	Guinea	n/a	"South Africa"	"Border Closure"	"Flight Restrictions"	n/a	n/a	n/a	n/a	n/a	n/a	2014-08-21	n/a	"International SOS - Travel security advisories - Flight bans and closures"	https://www.internationalsos.com/ebola/index.cfm?content_id=435&language_id=ENG	"South Africa restricted entry to all non-citizens travelling from Guinea, Liberia and Sierra Leone although assured that this could be waived for 'absolutely essential travel'."	GN	0		
ID1125	International	"Liberia "	n/a	"South Africa"	"Border Closure"	"Flight Restrictions"	n/a	n/a	n/a	n/a	n/a	n/a	2014-08-21	n/a	"International SOS - Travel security advisories - Flight bans and closures"	https://www.internationalsos.com/ebola/index.cfm?content_id=435&language_id=ENG	"South Africa restricted entry to all non-citizens travelling from Guinea, Liberia and Sierra Leone although assured that this could be waived for 'absolutely essential travel'."		0		
ID1126	International	"Sierra Leone"	n/a	"South Africa"	"Border Closure"	"Flight Restrictions"	n/a	n/a	n/a	n/a	n/a	n/a	2014-08-21	n/a	"International SOS - Travel security advisories - Flight bans and closures"	https://www.internationalsos.com/ebola/index.cfm?content_id=435&language_id=ENG	"South Africa restricted entry to all non-citizens travelling from Guinea, Liberia and Sierra Leone although assured that this could be waived for 'absolutely essential travel'."	SL	0		
ID1127	International	Guinea	n/a	Kenya	"Border Closure"	"Flight Restrictions"	n/a	n/a	n/a	n/a	n/a	n/a	2014-08-19	n/a	"International SOS - Travel security advisories - Flight bans and closures"	https://www.internationalsos.com/ebola/index.cfm?content_id=435&language_id=ENG	"Kenya has suspended entry of travellers from Guinea, Liberia and Sierra Leone excluding health professionals supporting Ebola response and/or Kenyan citizens."	GN	0		
ID1128	International	"Liberia "	n/a	Kenya	"Border Closure"	"Flight Restrictions"	n/a	n/a	n/a	n/a	n/a	n/a	2014-08-19	n/a	"International SOS - Travel security advisories - Flight bans and closures"	https://www.internationalsos.com/ebola/index.cfm?content_id=435&language_id=ENG	"Kenya has suspended entry of travellers from Guinea, Liberia and Sierra Leone excluding health professionals supporting Ebola response and/or Kenyan citizens."		0		
ID1129	International	"Sierra Leone"	n/a	Kenya	"Border Closure"	"Flight Restrictions"	n/a	n/a	n/a	n/a	n/a	n/a	2014-08-19	n/a	"International SOS - Travel security advisories - Flight bans and closures"	https://www.internationalsos.com/ebola/index.cfm?content_id=435&language_id=ENG	"Kenya has suspended entry of travellers from Guinea, Liberia and Sierra Leone excluding health professionals supporting Ebola response and/or Kenyan citizens."	SL	0		
ID1130	International	Guinea	n/a	Gabon	"Border Closure"	"Flight Restrictions"	n/a	n/a	n/a	n/a	n/a	n/a	2014-08-22	n/a	"International SOS - Travel security advisories - Flight bans and closures"	https://www.internationalsos.com/ebola/index.cfm?content_id=435&language_id=ENG	"Gabon has banned all flights from countries affected by Ebola."	GN	0		
ID1131	International	"Liberia "	n/a	Gabon	"Border Closure"	"Flight Restrictions"	n/a	n/a	n/a	n/a	n/a	n/a	2014-08-22	n/a	"International SOS - Travel security advisories - Flight bans and closures"	https://www.internationalsos.com/ebola/index.cfm?content_id=435&language_id=ENG	"Gabon has banned all flights from countries affected by Ebola."		0		
ID1132	International	"Sierra Leone"	n/a	Gabon	"Border Closure"	"Flight Restrictions"	n/a	n/a	n/a	n/a	n/a	n/a	2014-08-22	n/a	"International SOS - Travel security advisories - Flight bans and closures"	https://www.internationalsos.com/ebola/index.cfm?content_id=435&language_id=ENG	"Gabon has banned all flights from countries affected by Ebola."	SL	0		
ID1133	International	Guinea	n/a	Belize	"Border Closure"	"Flight Restrictions"	n/a	n/a	n/a	n/a	n/a	n/a	2014-10-18	n/a	"International SOS - Travel security advisories - Flight bans and closures"	https://www.internationalsos.com/ebola/index.cfm?content_id=435&language_id=ENG	"Belize has barred entry to nationals from Ebola affected countries or travellers that have visited these countries in the past 30 days."	GN	0		
ID1134	International	"Liberia "	n/a	Belize	"Border Closure"	"Flight Restrictions"	n/a	n/a	n/a	n/a	n/a	n/a	2014-10-18	n/a	"International SOS - Travel security advisories - Flight bans and closures"	https://www.internationalsos.com/ebola/index.cfm?content_id=435&language_id=ENG	"Belize has barred entry to nationals from Ebola affected countries or travellers that have visited these countries in the past 30 days."		0		
ID1135	International	"Sierra Leone"	n/a	Belize	"Border Closure"	"Flight Restrictions"	n/a	n/a	n/a	n/a	n/a	n/a	2014-10-18	n/a	"International SOS - Travel security advisories - Flight bans and closures"	https://www.internationalsos.com/ebola/index.cfm?content_id=435&language_id=ENG	"Belize has barred entry to nationals from Ebola affected countries or travellers that have visited these countries in the past 30 days."	SL	0		
ID1136	International	Nigeria	n/a	Belize	"Border Closure"	"Flight Restrictions"	n/a	n/a	n/a	n/a	n/a	n/a	2014-10-18	n/a	"International SOS - Travel security advisories - Flight bans and closures"	https://www.internationalsos.com/ebola/index.cfm?content_id=435&language_id=ENG	"Belize has barred entry to nationals from Ebola affected countries or travellers that have visited these countries in the past 30 days."	NG	0		
ID1137	International	Guinea	n/a	"Antigua and Barbuda"	"Border Closure"	"Flight Restrictions"	n/a	n/a	n/a	n/a	n/a	n/a	2014-10-17	n/a	"International SOS - Travel security advisories - Flight bans and closures"	https://www.internationalsos.com/ebola/index.cfm?content_id=435&language_id=ENG	"Antigua and Barbuda has barred entry to nationals from Guinea, Liberia and Sierra Leone and any travellers that have visited these countries in the past 21 days."	GN	0		
ID1138	International	"Liberia "	n/a	"Antigua and Barbuda"	"Border Closure"	"Flight Restrictions"	n/a	n/a	n/a	n/a	n/a	n/a	2014-10-17	n/a	"International SOS - Travel security advisories - Flight bans and closures"	https://www.internationalsos.com/ebola/index.cfm?content_id=435&language_id=ENG	"Antigua and Barbuda has barred entry to nationals from Guinea, Liberia and Sierra Leone and any travellers that have visited these countries in the past 21 days."		0		
ID1139	International	"Sierra Leone"	n/a	"Antigua and Barbuda"	"Border Closure"	"Flight Restrictions"	n/a	n/a	n/a	n/a	n/a	n/a	2014-10-17	n/a	"International SOS - Travel security advisories - Flight bans and closures"	https://www.internationalsos.com/ebola/index.cfm?content_id=435&language_id=ENG	"Antigua and Barbuda has barred entry to nationals from Guinea, Liberia and Sierra Leone and any travellers that have visited these countries in the past 21 days."	SL	0		
ID1140	International	Guinea	n/a	"Trinidad and Tobago"	"Border Closure"	"Flight Restrictions"	n/a	n/a	n/a	n/a	n/a	n/a	2014-10-16	n/a	"International SOS - Travel security advisories - Flight bans and closures"	https://www.internationalsos.com/ebola/index.cfm?content_id=435&language_id=ENG	"Trinidad and Tobago denying entry to nationals of Guinea, Liberia, Nigeria and Sierra Leone and any travellers that have visited these countries in the past six weeks will be quarantined for 21 days upon arrival."	GN	0		
ID1141	International	"Liberia "	n/a	"Trinidad and Tobago"	"Border Closure"	"Flight Restrictions"	n/a	n/a	n/a	n/a	n/a	n/a	2014-10-16	n/a	"International SOS - Travel security advisories - Flight bans and closures"	https://www.internationalsos.com/ebola/index.cfm?content_id=435&language_id=ENG	"Trinidad and Tobago denying entry to nationals of Guinea, Liberia, Nigeria and Sierra Leone and any travellers that have visited these countries in the past six weeks will be quarantined for 21 days upon arrival."		0		
ID1142	International	"Sierra Leone"	n/a	"Trinidad and Tobago"	"Border Closure"	"Flight Restrictions"	n/a	n/a	n/a	n/a	n/a	n/a	2014-10-16	n/a	"International SOS - Travel security advisories - Flight bans and closures"	https://www.internationalsos.com/ebola/index.cfm?content_id=435&language_id=ENG	"Trinidad and Tobago denying entry to nationals of Guinea, Liberia, Nigeria and Sierra Leone and any travellers that have visited these countries in the past six weeks will be quarantined for 21 days upon arrival."	SL	0		
ID1143	International	Nigeria	n/a	"Trinidad and Tobago"	"Border Closure"	"Flight Restrictions"	n/a	n/a	n/a	n/a	n/a	n/a	2014-10-16	n/a	"International SOS - Travel security advisories - Flight bans and closures"	https://www.internationalsos.com/ebola/index.cfm?content_id=435&language_id=ENG	"Trinidad and Tobago denying entry to nationals of Guinea, Liberia, Nigeria and Sierra Leone and any travellers that have visited these countries in the past six weeks will be quarantined for 21 days upon arrival."	NG	0		
ID1144	International	Guinea	n/a	Guyana	"Border Closure"	"Flight Restrictions"	n/a	n/a	n/a	n/a	n/a	n/a	2014-10-16	n/a	"International SOS - Travel security advisories - Flight bans and closures"	https://www.internationalsos.com/ebola/index.cfm?content_id=435&language_id=ENG	"Guyana is not issuing visas to nationals from Guinea, Liberia, Sierra Leone and Nigeria."	GN	0		
ID1145	International	"Liberia "	n/a	Guyana	"Border Closure"	"Flight Restrictions"	n/a	n/a	n/a	n/a	n/a	n/a	2014-10-16	n/a	"International SOS - Travel security advisories - Flight bans and closures"	https://www.internationalsos.com/ebola/index.cfm?content_id=435&language_id=ENG	"Guyana is not issuing visas to nationals from Guinea, Liberia, Sierra Leone and Nigeria."		0		
ID1146	International	"Sierra Leone"	n/a	Guyana	"Border Closure"	"Flight Restrictions"	n/a	n/a	n/a	n/a	n/a	n/a	2014-10-16	n/a	"International SOS - Travel security advisories - Flight bans and closures"	https://www.internationalsos.com/ebola/index.cfm?content_id=435&language_id=ENG	"Guyana is not issuing visas to nationals from Guinea, Liberia, Sierra Leone and Nigeria."	SL	0		
ID1147	International	Nigeria	n/a	Guyana	"Border Closure"	"Flight Restrictions"	n/a	n/a	n/a	n/a	n/a	n/a	2014-10-16	n/a	"International SOS - Travel security advisories - Flight bans and closures"	https://www.internationalsos.com/ebola/index.cfm?content_id=435&language_id=ENG	"Guyana is not issuing visas to nationals from Guinea, Liberia, Sierra Leone and Nigeria."	NG	0		
ID1148	International	Guinea	n/a	Jamaica	"Border Closure"	"Flight Restrictions"	n/a	n/a	n/a	n/a	n/a	n/a	2014-10-16	n/a	"International SOS - Travel security advisories - Flight bans and closures"	https://www.internationalsos.com/ebola/index.cfm?content_id=435&language_id=ENG	"Kenya imposed ban on entry to travellers arriving from Guinea, Liberia and Sierra Leone and those that have visited within four weeks prior to arrival."	GN	0		
ID1149	International	"Liberia "	n/a	Jamaica	"Border Closure"	"Flight Restrictions"	n/a	n/a	n/a	n/a	n/a	n/a	2014-10-16	n/a	"International SOS - Travel security advisories - Flight bans and closures"	https://www.internationalsos.com/ebola/index.cfm?content_id=435&language_id=ENG	"Kenya imposed ban on entry to travellers arriving from Guinea, Liberia and Sierra Leone and those that have visited within four weeks prior to arrival."		0		
ID1150	International	"Sierra Leone"	n/a	Jamaica	"Border Closure"	"Flight Restrictions"	n/a	n/a	n/a	n/a	n/a	n/a	2014-10-16	n/a	"International SOS - Travel security advisories - Flight bans and closures"	https://www.internationalsos.com/ebola/index.cfm?content_id=435&language_id=ENG	"Kenya imposed ban on entry to travellers arriving from Guinea, Liberia and Sierra Leone and those that have visited within four weeks prior to arrival."	SL	0		
ID1151	International	Guinea	n/a	Colombia	"Border Closure"	"Flight Restrictions"	n/a	n/a	n/a	n/a	n/a	n/a	2014-10-14	n/a	"International SOS - Travel security advisories - Flight bans and closures"	https://www.internationalsos.com/ebola/index.cfm?content_id=435&language_id=ENG	"Colombia banned entry to travellers that have visited Guinea, Liberia, Nigeria, Senegal and Sierra Leone in the past four weeks. The restriction would also reportedly apply to Colombian nationals."	GN	0		
ID1152	International	"Liberia "	n/a	Colombia	"Border Closure"	"Flight Restrictions"	n/a	n/a	n/a	n/a	n/a	n/a	2014-10-14	n/a	"International SOS - Travel security advisories - Flight bans and closures"	https://www.internationalsos.com/ebola/index.cfm?content_id=435&language_id=ENG	"Colombia banned entry to travellers that have visited Guinea, Liberia, Nigeria, Senegal and Sierra Leone in the past four weeks. The restriction would also reportedly apply to Colombian nationals."		0		
ID1153	International	"Sierra Leone"	n/a	Colombia	"Border Closure"	"Flight Restrictions"	n/a	n/a	n/a	n/a	n/a	n/a	2014-10-14	n/a	"International SOS - Travel security advisories - Flight bans and closures"	https://www.internationalsos.com/ebola/index.cfm?content_id=435&language_id=ENG	"Colombia banned entry to travellers that have visited Guinea, Liberia, Nigeria, Senegal and Sierra Leone in the past four weeks. The restriction would also reportedly apply to Colombian nationals."	SL	0		
ID1154	International	Nigeria	n/a	Colombia	"Border Closure"	"Flight Restrictions"	n/a	n/a	n/a	n/a	n/a	n/a	2014-10-14	n/a	"International SOS - Travel security advisories - Flight bans and closures"	https://www.internationalsos.com/ebola/index.cfm?content_id=435&language_id=ENG	"Colombia banned entry to travellers that have visited Guinea, Liberia, Nigeria, Senegal and Sierra Leone in the past four weeks. The restriction would also reportedly apply to Colombian nationals."	NG	0		
ID1155	International	Senegal	n/a	Colombia	"Border Closure"	"Flight Restrictions"	n/a	n/a	n/a	n/a	n/a	n/a	2014-10-14	n/a	"International SOS - Travel security advisories - Flight bans and closures"	https://www.internationalsos.com/ebola/index.cfm?content_id=435&language_id=ENG	"Colombia banned entry to travellers that have visited Guinea, Liberia, Nigeria, Senegal and Sierra Leone in the past four weeks. The restriction would also reportedly apply to Colombian nationals."	SN	0		
ID1156	International	Guinea	n/a	Mauritius	"Border Closure"	"Flight Restrictions"	n/a	n/a	n/a	n/a	n/a	n/a	2014-10-08	n/a	"International SOS - Travel security advisories - Flight bans and closures"	https://www.internationalsos.com/ebola/index.cfm?content_id=435&language_id=ENG	"Mauritius banned entry to all travellers that have visited Nigeria, Sierra Leone, Guinea, Liberia and Senegal in the last two months. The authorities have announced that entry restrictions for travellers from Senegal and Nigeria will be lifted on 10 Oct and 17 Oct respectively if not further cases of Ebola are reported."	GN	0		
ID1157	International	"Liberia "	n/a	Mauritius	"Border Closure"	"Flight Restrictions"	n/a	n/a	n/a	n/a	n/a	n/a	2014-10-08	n/a	"International SOS - Travel security advisories - Flight bans and closures"	https://www.internationalsos.com/ebola/index.cfm?content_id=435&language_id=ENG	"Mauritius banned entry to all travellers that have visited Nigeria, Sierra Leone, Guinea, Liberia and Senegal in the last two months. The authorities have announced that entry restrictions for travellers from Senegal and Nigeria will be lifted on 10 Oct and 17 Oct respectively if not further cases of Ebola are reported."		0		
ID1158	International	"Sierra Leone"	n/a	Mauritius	"Border Closure"	"Flight Restrictions"	n/a	n/a	n/a	n/a	n/a	n/a	2014-10-08	n/a	"International SOS - Travel security advisories - Flight bans and closures"	https://www.internationalsos.com/ebola/index.cfm?content_id=435&language_id=ENG	"Mauritius banned entry to all travellers that have visited Nigeria, Sierra Leone, Guinea, Liberia and Senegal in the last two months. The authorities have announced that entry restrictions for travellers from Senegal and Nigeria will be lifted on 10 Oct and 17 Oct respectively if not further cases of Ebola are reported."	SL	0		
ID1159	International	Nigeria	n/a	Mauritius	"Border Closure"	"Flight Restrictions"	n/a	n/a	n/a	n/a	n/a	n/a	2014-10-08	n/a	"International SOS - Travel security advisories - Flight bans and closures"	https://www.internationalsos.com/ebola/index.cfm?content_id=435&language_id=ENG	"Mauritius banned entry to all travellers that have visited Nigeria, Sierra Leone, Guinea, Liberia and Senegal in the last two months. The authorities have announced that entry restrictions for travellers from Senegal and Nigeria will be lifted on 10 Oct and 17 Oct respectively if not further cases of Ebola are reported."	NG	0		
ID1160	International	Senegal	n/a	Mauritius	"Border Closure"	"Flight Restrictions"	n/a	n/a	n/a	n/a	n/a	n/a	2014-10-08	n/a	"International SOS - Travel security advisories - Flight bans and closures"	https://www.internationalsos.com/ebola/index.cfm?content_id=435&language_id=ENG	"Mauritius banned entry to all travellers that have visited Nigeria, Sierra Leone, Guinea, Liberia and Senegal in the last two months. The authorities have announced that entry restrictions for travellers from Senegal and Nigeria will be lifted on 10 Oct and 17 Oct respectively if not further cases of Ebola are reported."	SN	0		
ID1161	International	Guinea	n/a	Seychelles	"Border Closure"	"Flight Restrictions"	n/a	n/a	n/a	n/a	n/a	n/a	2014-10-08	n/a	"International SOS - Travel security advisories - Flight bans and closures"	https://www.internationalsos.com/ebola/index.cfm?content_id=435&language_id=ENG	"Seychelles suspended entry to travellers that have visited Sierra Leone, Liberia, Guinea-Bissau, Guinea or Nigeria 28 days prior to their journey, with the exception of Seychellois citizens."	GN	0		
ID1162	International	"Liberia "	n/a	Seychelles	"Border Closure"	"Flight Restrictions"	n/a	n/a	n/a	n/a	n/a	n/a	2014-10-08	n/a	"International SOS - Travel security advisories - Flight bans and closures"	https://www.internationalsos.com/ebola/index.cfm?content_id=435&language_id=ENG	"Seychelles suspended entry to travellers that have visited Sierra Leone, Liberia, Guinea-Bissau, Guinea or Nigeria 28 days prior to their journey, with the exception of Seychellois citizens."		0		
ID1163	International	"Sierra Leone"	n/a	Seychelles	"Border Closure"	"Flight Restrictions"	n/a	n/a	n/a	n/a	n/a	n/a	2014-10-08	n/a	"International SOS - Travel security advisories - Flight bans and closures"	https://www.internationalsos.com/ebola/index.cfm?content_id=435&language_id=ENG	"Seychelles suspended entry to travellers that have visited Sierra Leone, Liberia, Guinea-Bissau, Guinea or Nigeria 28 days prior to their journey, with the exception of Seychellois citizens."	SL	0		
ID1164	International	Nigeria	n/a	Seychelles	"Border Closure"	"Flight Restrictions"	n/a	n/a	n/a	n/a	n/a	n/a	2014-10-08	n/a	"International SOS - Travel security advisories - Flight bans and closures"	https://www.internationalsos.com/ebola/index.cfm?content_id=435&language_id=ENG	"Seychelles suspended entry to travellers that have visited Sierra Leone, Liberia, Guinea-Bissau, Guinea or Nigeria 28 days prior to their journey, with the exception of Seychellois citizens."	NG	0		
ID1165	International	Guinea-Bissau	n/a	Seychelles	"Border Closure"	"Flight Restrictions"	n/a	n/a	n/a	n/a	n/a	n/a	2014-10-08	n/a	"International SOS - Travel security advisories - Flight bans and closures"	https://www.internationalsos.com/ebola/index.cfm?content_id=435&language_id=ENG	"Seychelles suspended entry to travellers that have visited Sierra Leone, Liberia, Guinea-Bissau, Guinea or Nigeria 28 days prior to their journey, with the exception of Seychellois citizens."	GW	0		
ID1166	International	"North Korea"	n/a	n/a	"Border Closure"	"Flight Restrictions"	n/a	n/a	n/a	n/a	n/a	n/a	2014-10-24	n/a	"International SOS - Travel security advisories - Flight bans and closures"	https://www.internationalsos.com/ebola/index.cfm?content_id=435&language_id=ENG	"North Korea has banned entry to all foreign tourists over Ebola-related fears."		0		
ID1167	International	Guinea	n/a	Canada	"Border Closure"	"Flight Restrictions"	n/a	n/a	n/a	n/a	n/a	n/a	2014-10-31	n/a	"International SOS - Travel security advisories - Flight bans and closures"	https://www.internationalsos.com/ebola/index.cfm?content_id=435&language_id=ENG	"Canada has suspended the issuance of visas to those that have from Ebola-affected countries in the past three months."	GN	0		
ID1168	International	"Liberia "	n/a	Canada	"Border Closure"	"Flight Restrictions"	n/a	n/a	n/a	n/a	n/a	n/a	2014-10-31	n/a	"International SOS - Travel security advisories - Flight bans and closures"	https://www.internationalsos.com/ebola/index.cfm?content_id=435&language_id=ENG	"Canada has suspended the issuance of visas to those that have from Ebola-affected countries in the past three months."		0		
ID1169	International	"Sierra Leone"	n/a	Canada	"Border Closure"	"Flight Restrictions"	n/a	n/a	n/a	n/a	n/a	n/a	2014-10-31	n/a	"International SOS - Travel security advisories - Flight bans and closures"	https://www.internationalsos.com/ebola/index.cfm?content_id=435&language_id=ENG	"Canada has suspended the issuance of visas to those that have from Ebola-affected countries in the past three months."	SL	0		
ID1170	International	Guinea	n/a	Australia	"Border Closure"	"Flight Restrictions"	n/a	n/a	n/a	n/a	n/a	n/a	2014-10-28	n/a	"International SOS - Travel security advisories - Flight bans and closures"	https://www.internationalsos.com/ebola/index.cfm?content_id=435&language_id=ENG	"Australia has suspended the issuance of visas to travellers from Guinea, Liberia and Sierra Leone and those with permanent visas can enter only after 21 quarantine."	GN	0		
ID1171	International	"Liberia "	n/a	Australia	"Border Closure"	"Flight Restrictions"	n/a	n/a	n/a	n/a	n/a	n/a	2014-10-28	n/a	"International SOS - Travel security advisories - Flight bans and closures"	https://www.internationalsos.com/ebola/index.cfm?content_id=435&language_id=ENG	"Australia has suspended the issuance of visas to travellers from Guinea, Liberia and Sierra Leone and those with permanent visas can enter only after 21 quarantine."		0		
ID1172	International	"Sierra Leone"	n/a	Australia	"Border Closure"	"Flight Restrictions"	n/a	n/a	n/a	n/a	n/a	n/a	2014-10-28	n/a	"International SOS - Travel security advisories - Flight bans and closures"	https://www.internationalsos.com/ebola/index.cfm?content_id=435&language_id=ENG	"Australia has suspended the issuance of visas to travellers from Guinea, Liberia and Sierra Leone and those with permanent visas can enter only after 21 quarantine."	SL	0		
ID1173	International	Guinea	n/a	Senegal	"Border Closure"	"Land Border"	n/a	n/a	n/a	n/a	n/a	n/a	2014-08-21	n/a	"BBC News - Senegal Defends Guinea Border Closure"	http://www.bbc.co.uk/news/world-africa-28893835	"Senegal has re-closed land border with Guinea. Originally closed in February 2014 but then re-opened in May 2014. Supposedly humanitarian transport is allowed through but this has been disputed by those in the field."	GN	0		
ID1174	International	Liberia	n/a	"Sierra Leone"	"Border Closure"	"Land Border"	n/a	n/a	n/a	n/a	n/a	n/a	2014-07-27	n/a	"FCO - Foreign Travel Advice Liberia"	https://www.gov.uk/foreign-travel-advice/liberia	"All borders closed except for three: one into sierra leone (Bo Waterside Crossing), one into guinea (Foya Crossing) and one that crosses both (Ganta Crossing)."	LR	0		
ID1175	International	Liberia	n/a	Guinea	"Border Closure"	"Land Border"	n/a	n/a	n/a	n/a	n/a	n/a	2014-07-27	n/a	"FCO - Foreign Travel Advice Liberia"	https://www.gov.uk/foreign-travel-advice/liberia	"All borders closed except for three: one into sierra leone (Bo Waterside Crossing), one into guinea (Foya Crossing) and one that crosses both (Ganta Crossing)."	LR	0		
ID1176	International	Liberia	n/a	"Ivory Coast"	"Border Closure"	"Land Border"	n/a	n/a	n/a	n/a	n/a	n/a	2014-07-27	n/a	"FCO - Foreign Travel Advice Liberia"	https://www.gov.uk/foreign-travel-advice/liberia	"All borders closed except for three: one into sierra leone (Bo Waterside Crossing), one into guinea (Foya Crossing) and one that crosses both (Ganta Crossing)."	LR	0		
ID1177	International	Liberia	n/a	"Sierra Leone"	"Border Closure"	"Land Border"	n/a	n/a	n/a	n/a	n/a	n/a	2014-09-01	n/a	"FCO - Foreign Travel Advice Liberia"	https://www.gov.uk/foreign-travel-advice/liberia	"The Bo Waterside Crossing to Sierra Leone and the Foya Crossing to Guinea are now also closed."	LR	0		
ID1178	International	Liberia	n/a	Guinea	"Border Closure"	"Land Border"	n/a	n/a	n/a	n/a	n/a	n/a	2014-09-01	n/a	"FCO - Foreign Travel Advice Liberia"	https://www.gov.uk/foreign-travel-advice/liberia	"The Bo Waterside Crossing to Sierra Leone and the Foya Crossing to Guinea are now also closed."	LR	0		
ID1179	International	Guinea	n/a	"Ivory Coast"	"Border Closure"	"Land Border"	n/a	n/a	n/a	n/a	n/a	n/a	2014-08-23	n/a	"AF Reuters - Ivory Coast Closes Border"	http://af.reuters.com/article/guineaNews/idAFL5N0QT0CQ20140823	"Ivory Coast closes land border with Liberia and Guinea and all official entry points into Liberia and Guinea are closed. Announced opening of 'humanitarian corridor' on 1/9/14."	GN	0		
ID1180	International	Liberia	n/a	"Ivory Coast"	"Border Closure"	"Land Border"	n/a	n/a	n/a	n/a	n/a	n/a	2014-08-23	n/a	"AF Reuters - Ivory Coast Closes Border"	http://af.reuters.com/article/guineaNews/idAFL5N0QT0CQ20140823	"Ivory Coast closes land border with Liberia and Guinea and all official entry points into Liberia and Guinea are closed. Announced opening of 'humanitarian corridor' on 1/9/14."	LR	0		
ID1181	International	Guinea	n/a	Liberia	"Border Closure"	"Land Border"	n/a	n/a	n/a	n/a	n/a	n/a	2014-08-09	n/a	"The Guardian - Guinea Closes Borders / Xinhuanet - Guinea Sets Up Anti-Ebola Measures"	http://www.theguardian.com/society/2014/aug/09/ebola-guinea-sierra-leone-liberia	"Guinea closes land borders with Sierra Leone and Liberia. Guinean government plans to set up 15 health control points along these borders."	GN	0		
ID1182	International	Guinea	n/a	"Sierra Leone"	"Border Closure"	"Land Border"	n/a	n/a	n/a	n/a	n/a	n/a	2014-08-09	n/a	"The Guardian - Guinea Closes Borders / Xinhuanet - Guinea Sets Up Anti-Ebola Measures"	http://www.theguardian.com/society/2014/aug/09/ebola-guinea-sierra-leone-liberia	"Guinea closes land borders with Sierra Leone and Liberia. Guinean government plans to set up 15 health control points along these borders."	GN	0		
ID1183	International	Guinea	n/a	Guinea-Bissau	"Border Closure"	"Land Border"	n/a	n/a	n/a	n/a	n/a	n/a	2014-08-12	n/a	"Reuters - Guinea-Bissau closes border with Guinea"	http://news.yahoo.com/guinea-bissau-says-closes-border-guinea-over-ebola-111417379.html	"Guinea-Bissau closes land border with Guinea."	GN	0		
ID1184	International	Nigeria	n/a	Chad	"Border Closure"	"Land Border"	n/a	n/a	n/a	n/a	n/a	n/a	2014-08-21	2014-09-20	"ITV - Chad to close borders with Nigeria in bid to stop Ebola / OCHA - West and Central Africa Region Weekly Regional Humanitarian Snapshot"	http://www.itv.com/news/update/2014-08-21/chad-to-close-borders-with-nigeria-in-bid-to-stop-ebola/	"Chad closed land border with Nigeria at Lake Chad. On 20/9/14, Chad opened a corridor along the border with Nigeria to permit trade between the two countries."	NG	0		
ID1185	International	Nigeria	n/a	Cameroon	"Border Closure"	"Land Border"	n/a	n/a	n/a	n/a	n/a	n/a	2014-08-19	n/a	"IRIN - West Africa gears up to contain Ebola spread"	http://reliefweb.int/report/senegal/west-africa-gears-contain-ebola-spread	"Cameroon closed land border with Nigeria. Note refugees fleeing Boko Haram attacks have been crossing the border."	NG	0		
ID1186	International	Kenya	n/a	Uganda	"Border Closure"	"Land Border"	n/a	n/a	n/a	n/a	n/a	n/a	2014-10-10	n/a	"International SOS - Travel security advisories - Flight bans and closures"	https://www.internationalsos.com/ebola/index.cfm?content_id=435&language_id=ENG	"Kenya closed Suam border crossing with Uganda due to reports of an Ebola-related death in Bukwo district (Uganda)."	KE	0		
ID1187	International	Mali	n/a	Mauritania	"Border Closure"	"Land Border"	n/a	n/a	n/a	n/a	n/a	n/a	2014-10-24	n/a	"Reuters - Mauritania closes border with Mali over Ebola"	http://www.reuters.com/article/2014/10/25/us-health-ebola-mauritania-idUSKCN0IE0II20141025	"Government of Mauritania has ordered the closing of all border crossings with Mali after its first reported case of Ebola."	ML	0		
ID1188	International	Guinea	n/a	"Ivory Coast"	"Border Closure"	"Sea Border"	n/a	n/a	n/a	n/a	n/a	n/a	2014-08-12	2014-08-17	"AllAfrica - Ivory Coast Imposed Economic Blockade"	http://allafrica.com/stories/201408140828.html	"Ivory Coast temporarily blocked access to sea ports being used as a trans-shipment point under the ebola outbreak."	GN	0		
ID1189	International	Liberia	n/a	"Ivory Coast"	"Border Closure"	"Sea Border"	n/a	n/a	n/a	n/a	n/a	n/a	2014-08-12	2014-08-17	"AllAfrica - Ivory Coast Imposed Economic Blockade"	http://allafrica.com/stories/201408140828.html	"Ivory Coast temporarily blocked access to sea ports being used as a trans-shipment point under the ebola outbreak."	LR	0		
ID1190	International	"Sierra Leone"	n/a	"Ivory Coast"	"Border Closure"	"Sea Border"	n/a	n/a	n/a	n/a	n/a	n/a	2014-08-12	2014-08-17	"AllAfrica - Ivory Coast Imposed Economic Blockade"	http://allafrica.com/stories/201408140828.html	"Ivory Coast temporarily blocked access to sea ports being used as a trans-shipment point under the ebola outbreak."	SL	0		
ID1191	International	Liberia	n/a	n/a	"Border Closure"	"Sea Border"	n/a	n/a	n/a	n/a	n/a	n/a	2014-08-30	n/a	"Channel News Asia - Seaport Restrictions"	http://www.channelnewsasia.com/news/world/ebola-hit-liberia-bans/1337732.html	"Liberia denying any crew to disembark at seaports until Ebola epidemic subsided."	LR	0		
ID1192	International	Nigeria	n/a	Cameroon	"Border Closure"	"Sea Border"	n/a	n/a	n/a	n/a	n/a	n/a	2014-08-19	n/a	"International SOS - Travel security advisories - Flight bans and closures"	https://www.internationalsos.com/ebola/index.cfm?content_id=435&language_id=ENG	"Cameroon closed sea border with Nigeria."	NG	0		
ID1193	International	Guinea	n/a	Senegal	"Border Closure"	"Sea Border"	n/a	n/a	n/a	n/a	n/a	n/a	2014-08-21	n/a	"International SOS - Travel security advisories - Flight bans and closures"	https://www.internationalsos.com/ebola/index.cfm?content_id=435&language_id=ENG	"Senegal closed its sea border to vessels from Guinea, Liberia and Sierra Leone."	GN	0		
ID1194	International	Liberia	n/a	Senegal	"Border Closure"	"Sea Border"	n/a	n/a	n/a	n/a	n/a	n/a	2014-08-21	n/a	"International SOS - Travel security advisories - Flight bans and closures"	https://www.internationalsos.com/ebola/index.cfm?content_id=435&language_id=ENG	"Senegal closed its sea border to vessels from Guinea, Liberia and Sierra Leone."	LR	0		
ID1195	International	"Sierra Leone"	n/a	Senegal	"Border Closure"	"Sea Border"	n/a	n/a	n/a	n/a	n/a	n/a	2014-08-21	n/a	"International SOS - Travel security advisories - Flight bans and closures"	https://www.internationalsos.com/ebola/index.cfm?content_id=435&language_id=ENG	"Senegal closed its sea border to vessels from Guinea, Liberia and Sierra Leone."	SL	0		
ID1196	International	Guinea	n/a	Gabon	"Border Closure"	"Sea Border"	n/a	n/a	n/a	n/a	n/a	n/a	2014-08-22	n/a	"International SOS - Travel security advisories - Flight bans and closures"	https://www.internationalsos.com/ebola/index.cfm?content_id=435&language_id=ENG	"Gabon has banned all ships from countries affected by Ebola."	GN	0		
ID1197	International	"Liberia "	n/a	Gabon	"Border Closure"	"Sea Border"	n/a	n/a	n/a	n/a	n/a	n/a	2014-08-22	n/a	"International SOS - Travel security advisories - Flight bans and closures"	https://www.internationalsos.com/ebola/index.cfm?content_id=435&language_id=ENG	"Gabon has banned all ships from countries affected by Ebola."		0		
ID1198	International	"Sierra Leone"	n/a	Gabon	"Border Closure"	"Sea Border"	n/a	n/a	n/a	n/a	n/a	n/a	2014-08-22	n/a	"International SOS - Travel security advisories - Flight bans and closures"	https://www.internationalsos.com/ebola/index.cfm?content_id=435&language_id=ENG	"Gabon has banned all ships from countries affected by Ebola."	SL	0		
