"","Date","Location","Cases","Deaths","Fatality"
"1",2014-09-02,"Bo",52,15,29
"2",2014-09-02,"Bombali",46,6,13
"3",2014-09-02,"Bonthe",1,1,100
"4",2014-09-02,"Kailahun",516,263,51
"5",2014-09-02,"Kambia",1,0,0
"6",2014-09-02,"Kenema",367,177,48
"7",2014-09-02,"Koinadugu",1,0,0
"8",2014-09-02,"Kono",38,1,3
"9",2014-09-02,"Moyamba",9,4,44
"10",2014-09-02,"Port Loko",74,4,5
"11",2014-09-02,"Pujehun",7,1,14
"12",2014-09-02,"Tonkolili",17,2,12
"13",2014-09-02,"Western area rural",30,2,7
"14",2014-09-02,"Western area urban",57,4,7
"15",2014-09-03,"Bo",52,NA,29
"16",2014-09-03,"Bombali",46,NA,13
"17",2014-09-03,"Bonthe",1,NA,100
"18",2014-09-03,"Kailahun",516,NA,51
"19",2014-09-03,"Kambia",1,NA,0
"20",2014-09-03,"Kenema",367,NA,48
"21",2014-09-03,"Koinadugu",1,NA,0
"22",2014-09-03,"Kono",38,NA,3
"23",2014-09-03,"Moyamba",9,NA,44
"24",2014-09-03,"Port Loko",74,NA,5
"25",2014-09-03,"Pujehun",7,NA,14
"26",2014-09-03,"Tonkolili",17,NA,12
"27",2014-09-03,"Western area rural",30,NA,7
"28",2014-09-03,"Western area urban",57,NA,7
"29",2014-09-04,"Bo",54,16,30
"30",2014-09-04,"Bombali",46,6,13
"31",2014-09-04,"Bonthe",1,1,100
"32",2014-09-04,"Kailahun",528,219,41
"33",2014-09-04,"Kambia",1,0,0
"34",2014-09-04,"Kenema",379,185,49
"35",2014-09-04,"Koinadugu",0,0,0
"36",2014-09-04,"Kono",39,3,8
"37",2014-09-04,"Moyamba",9,4,44
"38",2014-09-04,"Port Loko",79,4,5
"39",2014-09-04,"Pujehun",8,1,13
"40",2014-09-04,"Tonkolili",18,2,11
"41",2014-09-04,"Western area rural",35,2,6
"42",2014-09-04,"Western area urban",64,4,6
"43",2014-09-05,"Bo",54,16,30
"44",2014-09-05,"Bombali",46,6,13
"45",2014-09-05,"Bonthe",1,1,100
"46",2014-09-05,"Kailahun",542,220,41
"47",2014-09-05,"Kambia",1,0,0
"48",2014-09-05,"Kenema",384,189,49
"49",2014-09-05,"Koinadugu",0,0,0
"50",2014-09-05,"Kono",43,3,7
"51",2014-09-05,"Moyamba",9,4,44
"52",2014-09-05,"Port Loko",80,4,5
"53",2014-09-05,"Pujehun",9,1,11
"54",2014-09-05,"Tonkolili",20,2,10
"55",2014-09-05,"Western area rural",36,2,6
"56",2014-09-05,"Western area urban",67,4,6
"57",2014-09-06,"Bo",54,NA,30
"58",2014-09-06,"Bombali",46,NA,13
"59",2014-09-06,"Bonthe",1,NA,100
"60",2014-09-06,"Kailahun",542,NA,41
"61",2014-09-06,"Kambia",1,NA,0
"62",2014-09-06,"Kenema",384,NA,49
"63",2014-09-06,"Koinadugu",0,NA,0
"64",2014-09-06,"Kono",43,NA,7
"65",2014-09-06,"Moyamba",9,NA,44
"66",2014-09-06,"Port Loko",80,NA,5
"67",2014-09-06,"Pujehun",9,NA,11
"68",2014-09-06,"Tonkolili",20,NA,10
"69",2014-09-06,"Western area rural",36,NA,6
"70",2014-09-06,"Western area urban",67,NA,6
"71",2014-09-07,"Bo",67,16,24
"72",2014-09-07,"Bombali",54,6,11
"73",2014-09-07,"Bonthe",1,1,100
"74",2014-09-07,"Kailahun",552,220,40
"75",2014-09-07,"Kambia",1,0,0
"76",2014-09-07,"Kenema",394,194,49
"77",2014-09-07,"Koinadugu",0,0,0
"78",2014-09-07,"Kono",44,3,7
"79",2014-09-07,"Moyamba",13,6,46
"80",2014-09-07,"Port Loko",93,5,5
"81",2014-09-07,"Pujehun",9,1,11
"82",2014-09-07,"Tonkolili",20,2,10
"83",2014-09-07,"Western area rural",41,2,5
"84",2014-09-07,"Western area urban",72,5,7
"85",2014-09-08,"Bo",70,16,23
"86",2014-09-08,"Bombali",69,6,9
"87",2014-09-08,"Bonthe",1,1,100
"88",2014-09-08,"Kailahun",552,220,40
"89",2014-09-08,"Kambia",1,0,0
"90",2014-09-08,"Kenema",401,194,48
"91",2014-09-08,"Koinadugu",0,0,0
"92",2014-09-08,"Kono",47,3,6
"93",2014-09-08,"Moyamba",15,6,40
"94",2014-09-08,"Port Loko",104,18,17
"95",2014-09-08,"Pujehun",9,1,11
"96",2014-09-08,"Tonkolili",22,2,9
"97",2014-09-08,"Western area rural",42,2,5
"98",2014-09-08,"Western area urban",76,5,7
"99",2014-09-09,"Bo",70,NA,23
"100",2014-09-09,"Bombali",69,NA,9
"101",2014-09-09,"Bonthe",1,NA,100
"102",2014-09-09,"Kailahun",552,NA,40
"103",2014-09-09,"Kambia",1,NA,0
"104",2014-09-09,"Kenema",401,NA,48
"105",2014-09-09,"Koinadugu",0,NA,0
"106",2014-09-09,"Kono",47,NA,6
"107",2014-09-09,"Moyamba",15,NA,40
"108",2014-09-09,"Port Loko",104,NA,17
"109",2014-09-09,"Pujehun",9,NA,11
"110",2014-09-09,"Tonkolili",22,NA,9
"111",2014-09-09,"Western area rural",42,NA,5
"112",2014-09-09,"Western area urban",76,NA,7
"113",2014-09-10,"Bo",70,NA,23
"114",2014-09-10,"Bombali",69,NA,9
"115",2014-09-10,"Bonthe",1,NA,100
"116",2014-09-10,"Kailahun",552,NA,40
"117",2014-09-10,"Kambia",1,NA,0
"118",2014-09-10,"Kenema",401,NA,48
"119",2014-09-10,"Koinadugu",0,NA,0
"120",2014-09-10,"Kono",47,NA,6
"121",2014-09-10,"Moyamba",15,NA,40
"122",2014-09-10,"Port Loko",104,NA,17
"123",2014-09-10,"Pujehun",9,NA,11
"124",2014-09-10,"Tonkolili",22,NA,9
"125",2014-09-10,"Western area rural",42,NA,5
"126",2014-09-10,"Western area urban",76,NA,7
"127",2014-09-11,"Bo",73,16,22
"128",2014-09-11,"Bombali",75,6,8
"129",2014-09-11,"Bonthe",1,1,100
"130",2014-09-11,"Kailahun",558,221,40
"131",2014-09-11,"Kambia",1,0,0
"132",2014-09-11,"Kenema",415,203,49
"133",2014-09-11,"Koinadugu",0,0,0
"134",2014-09-11,"Kono",51,3,6
"135",2014-09-11,"Moyamba",16,6,38
"136",2014-09-11,"Port Loko",111,18,16
"137",2014-09-11,"Pujehun",11,1,9
"138",2014-09-11,"Tonkolili",26,2,8
"139",2014-09-11,"Western area rural",48,2,4
"140",2014-09-11,"Western area urban",92,5,5
"141",2014-09-12,"Bo",75,16,21
"142",2014-09-12,"Bombali",75,6,8
"143",2014-09-12,"Bonthe",1,1,100
"144",2014-09-12,"Kailahun",558,222,40
"145",2014-09-12,"Kambia",2,1,50
"146",2014-09-12,"Kenema",419,210,50
"147",2014-09-12,"Koinadugu",0,0,0
"148",2014-09-12,"Kono",51,3,6
"149",2014-09-12,"Moyamba",16,6,38
"150",2014-09-12,"Port Loko",125,18,14
"151",2014-09-12,"Pujehun",11,1,9
"152",2014-09-12,"Tonkolili",27,2,7
"153",2014-09-12,"Western area rural",52,2,4
"154",2014-09-12,"Western area urban",97,5,5
"155",2014-09-13,"Bo",84,16,19
"156",2014-09-13,"Bombali",75,6,8
"157",2014-09-13,"Bonthe",1,1,100
"158",2014-09-13,"Kailahun",558,274,49
"159",2014-09-13,"Kambia",3,0,0
"160",2014-09-13,"Kenema",420,213,51
"161",2014-09-13,"Koinadugu",0,0,0
"162",2014-09-13,"Kono",55,3,5
"163",2014-09-13,"Moyamba",20,6,30
"164",2014-09-13,"Port Loko",138,18,13
"165",2014-09-13,"Pujehun",11,1,9
"166",2014-09-13,"Tonkolili",31,2,6
"167",2014-09-13,"Western area rural",52,2,4
"168",2014-09-13,"Western area urban",103,5,5
"169",2014-09-14,"Bo",87,16,18
"170",2014-09-14,"Bombali",84,6,7
"171",2014-09-14,"Bonthe",1,1,100
"172",2014-09-14,"Kailahun",558,225,40
"173",2014-09-14,"Kambia",3,1,33
"174",2014-09-14,"Kenema",422,221,52
"175",2014-09-14,"Koinadugu",0,0,0
"176",2014-09-14,"Kono",55,3,5
"177",2014-09-14,"Moyamba",20,6,30
"178",2014-09-14,"Port Loko",148,18,12
"179",2014-09-14,"Pujehun",11,1,9
"180",2014-09-14,"Tonkolili",32,2,6
"181",2014-09-14,"Western area rural",54,2,4
"182",2014-09-14,"Western area urban",111,5,5
"183",2014-09-15,"Bo",87,NA,18
"184",2014-09-15,"Bombali",84,NA,7
"185",2014-09-15,"Bonthe",1,NA,100
"186",2014-09-15,"Kailahun",558,NA,40
"187",2014-09-15,"Kambia",3,NA,33
"188",2014-09-15,"Kenema",422,NA,52
"189",2014-09-15,"Koinadugu",0,NA,0
"190",2014-09-15,"Kono",55,NA,5
"191",2014-09-15,"Moyamba",20,NA,30
"192",2014-09-15,"Port Loko",148,NA,12
"193",2014-09-15,"Pujehun",11,NA,9
"194",2014-09-15,"Tonkolili",32,NA,6
"195",2014-09-15,"Western area rural",54,NA,4
"196",2014-09-15,"Western area urban",111,NA,5
"197",2014-09-16,"Bo",87,NA,18
"198",2014-09-16,"Bombali",84,NA,7
"199",2014-09-16,"Bonthe",1,NA,100
"200",2014-09-16,"Kailahun",558,NA,40
"201",2014-09-16,"Kambia",3,NA,33
"202",2014-09-16,"Kenema",422,NA,52
"203",2014-09-16,"Koinadugu",0,NA,0
"204",2014-09-16,"Kono",55,NA,5
"205",2014-09-16,"Moyamba",20,NA,30
"206",2014-09-16,"Port Loko",148,NA,12
"207",2014-09-16,"Pujehun",11,NA,9
"208",2014-09-16,"Tonkolili",32,NA,6
"209",2014-09-16,"Western area rural",57,2,4
"210",2014-09-16,"Western area urban",123,5,4
"211",2014-09-17,"Bo",87,NA,18
"212",2014-09-17,"Bombali",84,NA,7
"213",2014-09-17,"Bonthe",1,NA,100
"214",2014-09-17,"Kailahun",558,NA,40
"215",2014-09-17,"Kambia",3,NA,33
"216",2014-09-17,"Kenema",422,NA,52
"217",2014-09-17,"Koinadugu",0,NA,0
"218",2014-09-17,"Kono",55,NA,5
"219",2014-09-17,"Moyamba",20,NA,30
"220",2014-09-17,"Port Loko",148,NA,12
"221",2014-09-17,"Pujehun",11,NA,9
"222",2014-09-17,"Tonkolili",32,NA,6
"223",2014-09-17,"Western area rural",57,NA,4
"224",2014-09-17,"Western area urban",123,NA,4
"225",2014-09-18,"Bo",90,16,18
"226",2014-09-18,"Bo",90,16,18
"227",2014-09-18,"Bombali",119,6,5
"228",2014-09-18,"Bombali",119,6,5
"229",2014-09-18,"Bonthe",2,1,50
"230",2014-09-18,"Bonthe",2,1,50
"231",2014-09-18,"Kailahun",601,234,39
"232",2014-09-18,"Kailahun",601,285,47
"233",2014-09-18,"Kambia",3,0,0
"234",2014-09-18,"Kambia",3,1,33
"235",2014-09-18,"Kenema",438,233,53
"236",2014-09-18,"Kenema",438,233,53
"237",2014-09-18,"Koinadugu",0,0,0
"238",2014-09-18,"Koinadugu",0,0,0
"239",2014-09-18,"Kono",55,3,5
"240",2014-09-18,"Kono",55,3,5
"241",2014-09-18,"Moyamba",19,6,32
"242",2014-09-18,"Moyamba",19,6,32
"243",2014-09-18,"Port Loko",160,18,11
"244",2014-09-18,"Port Loko",160,18,11
"245",2014-09-18,"Pujehun",11,1,9
"246",2014-09-18,"Pujehun",11,1,9
"247",2014-09-18,"Tonkolili",37,2,5
"248",2014-09-18,"Tonkolili",37,2,5
"249",2014-09-18,"Western area rural",62,2,3
"250",2014-09-18,"Western area rural",62,2,3
"251",2014-09-18,"Western area urban",138,8,6
"252",2014-09-18,"Western area urban",138,7,5
"253",2014-09-19,"Bo",90,16,18
"254",2014-09-19,"Bombali",129,6,5
"255",2014-09-19,"Bonthe",2,1,50
"256",2014-09-19,"Kailahun",579,238,41
"257",2014-09-19,"Kambia",4,1,25
"258",2014-09-19,"Kenema",439,233,53
"259",2014-09-19,"Koinadugu",0,0,0
"260",2014-09-19,"Kono",55,3,5
"261",2014-09-19,"Moyamba",28,6,21
"262",2014-09-19,"Port Loko",165,18,11
"263",2014-09-19,"Pujehun",11,1,9
"264",2014-09-19,"Tonkolili",41,2,5
"265",2014-09-19,"Western area rural",63,3,5
"266",2014-09-19,"Western area urban",147,9,6
"267",2014-09-20,"Bo",95,16,17
"268",2014-09-20,"Bombali",129,6,5
"269",2014-09-20,"Bonthe",2,1,50
"270",2014-09-20,"Kailahun",579,244,42
"271",2014-09-20,"Kambia",4,1,25
"272",2014-09-20,"Kenema",438,233,53
"273",2014-09-20,"Koinadugu",0,0,0
"274",2014-09-20,"Kono",56,3,5
"275",2014-09-20,"Moyamba",28,6,21
"276",2014-09-20,"Port Loko",180,18,10
"277",2014-09-20,"Pujehun",11,1,9
"278",2014-09-20,"Tonkolili",46,2,4
"279",2014-09-20,"Western area rural",68,3,4
"280",2014-09-20,"Western area urban",155,9,6
"281",2014-09-21,"Bo",95,16,17
"282",2014-09-21,"Bombali",129,6,5
"283",2014-09-21,"Bonthe",2,1,50
"284",2014-09-21,"Kailahun",579,246,42
"285",2014-09-21,"Kambia",4,1,25
"286",2014-09-21,"Kenema",439,233,53
"287",2014-09-21,"Koinadugu",0,0,0
"288",2014-09-21,"Kono",56,3,5
"289",2014-09-21,"Moyamba",37,6,16
"290",2014-09-21,"Port Loko",181,18,10
"291",2014-09-21,"Pujehun",11,1,9
"292",2014-09-21,"Tonkolili",46,2,4
"293",2014-09-21,"Western area rural",71,3,4
"294",2014-09-21,"Western area urban",155,NA,6
"295",2014-09-22,"Bo",95,16,17
"296",2014-09-22,"Bombali",158,6,4
"297",2014-09-22,"Bonthe",2,1,50
"298",2014-09-22,"Kailahun",579,249,43
"299",2014-09-22,"Kambia",4,1,25
"300",2014-09-22,"Kenema",443,233,53
"301",2014-09-22,"Koinadugu",0,0,0
"302",2014-09-22,"Kono",58,3,5
"303",2014-09-22,"Moyamba",46,7,15
"304",2014-09-22,"Port Loko",182,18,10
"305",2014-09-22,"Pujehun",11,1,9
"306",2014-09-22,"Tonkolili",46,2,4
"307",2014-09-22,"Western area rural",84,3,4
"308",2014-09-22,"Western area urban",168,9,5
"309",2014-09-23,"Bo",95,16,17
"310",2014-09-23,"Bombali",159,6,4
"311",2014-09-23,"Bonthe",3,1,33
"312",2014-09-23,"Kailahun",579,249,43
"313",2014-09-23,"Kambia",10,1,10
"314",2014-09-23,"Kenema",449,233,52
"315",2014-09-23,"Koinadugu",0,0,0
"316",2014-09-23,"Kono",58,3,5
"317",2014-09-23,"Moyamba",46,7,15
"318",2014-09-23,"Port Loko",195,18,9
"319",2014-09-23,"Pujehun",14,1,7
"320",2014-09-23,"Tonkolili",58,2,3
"321",2014-09-23,"Western area rural",92,3,3
"322",2014-09-23,"Western area urban",182,10,5
"323",2014-09-24,"Bo",103,16,16
"324",2014-09-24,"Bombali",159,8,5
"325",2014-09-24,"Bonthe",3,1,33
"326",2014-09-24,"Kailahun",579,249,43
"327",2014-09-24,"Kambia",10,1,10
"328",2014-09-24,"Kenema",450,233,52
"329",2014-09-24,"Koinadugu",0,0,0
"330",2014-09-24,"Kono",58,3,5
"331",2014-09-24,"Moyamba",47,7,15
"332",2014-09-24,"Port Loko",194,19,10
"333",2014-09-24,"Pujehun",14,1,7
"334",2014-09-24,"Tonkolili",62,3,5
"335",2014-09-24,"Western area rural",103,3,3
"336",2014-09-24,"Western area urban",185,10,5
"337",2014-09-25,"Bo",104,16,15
"338",2014-09-25,"Bombali",160,9,6
"339",2014-09-25,"Bonthe",3,1,33
"340",2014-09-25,"Kailahun",579,249,43
"341",2014-09-25,"Kambia",10,1,10
"342",2014-09-25,"Kenema",450,234,52
"343",2014-09-25,"Koinadugu",0,0,0
"344",2014-09-25,"Kono",59,3,5
"345",2014-09-25,"Moyamba",60,7,12
"346",2014-09-25,"Port Loko",212,19,9
"347",2014-09-25,"Pujehun",17,1,6
"348",2014-09-25,"Tonkolili",63,4,6
"349",2014-09-25,"Western area rural",112,3,3
"350",2014-09-25,"Western area urban",192,10,5
"351",2014-09-26,"Bo",102,16,16
"352",2014-09-26,"Bombali",192,9,5
"353",2014-09-26,"Bonthe",3,1,33
"354",2014-09-26,"Kailahun",579,249,43
"355",2014-09-26,"Kambia",13,1,8
"356",2014-09-26,"Kenema",452,234,52
"357",2014-09-26,"Koinadugu",0,0,0
"358",2014-09-26,"Kono",59,3,5
"359",2014-09-26,"Moyamba",60,7,12
"360",2014-09-26,"Port Loko",225,19,8
"361",2014-09-26,"Pujehun",17,1,6
"362",2014-09-26,"Tonkolili",63,4,6
"363",2014-09-26,"Western area rural",123,3,2
"364",2014-09-26,"Western area urban",204,10,5
"365",2014-09-27,"Bo",102,16,16
"366",2014-09-27,"Bombali",187,10,5
"367",2014-09-27,"Bonthe",3,1,33
"368",2014-09-27,"Kailahun",579,249,43
"369",2014-09-27,"Kambia",13,1,8
"370",2014-09-27,"Kenema",453,234,52
"371",2014-09-27,"Koinadugu",0,0,0
"372",2014-09-27,"Kono",59,3,5
"373",2014-09-27,"Moyamba",60,7,12
"374",2014-09-27,"Port Loko",242,19,8
"375",2014-09-27,"Pujehun",17,1,6
"376",2014-09-27,"Tonkolili",69,5,7
"377",2014-09-27,"Western area rural",126,4,3
"378",2014-09-27,"Western area urban",210,11,5
"379",2014-09-28,"Bo",103,16,16
"380",2014-09-28,"Bombali",203,10,5
"381",2014-09-28,"Bonthe",3,1,33
"382",2014-09-28,"Kailahun",579,249,43
"383",2014-09-28,"Kambia",13,1,8
"384",2014-09-28,"Kenema",459,234,51
"385",2014-09-28,"Koinadugu",0,0,0
"386",2014-09-28,"Kono",59,3,5
"387",2014-09-28,"Moyamba",66,7,11
"388",2014-09-28,"Port Loko",242,19,8
"389",2014-09-28,"Pujehun",17,1,6
"390",2014-09-28,"Tonkolili",69,5,7
"391",2014-09-28,"Western area rural",126,4,3
"392",2014-09-28,"Western area urban",210,11,5
"393",2014-09-29,"Bo",109,16,15
"394",2014-09-29,"Bombali",232,11,5
"395",2014-09-29,"Bonthe",3,1,33
"396",2014-09-29,"Kailahun",579,249,43
"397",2014-09-29,"Kambia",13,1,8
"398",2014-09-29,"Kenema",459,236,51
"399",2014-09-29,"Koinadugu",0,0,0
"400",2014-09-29,"Kono",59,3,5
"401",2014-09-29,"Moyamba",67,7,10
"402",2014-09-29,"Port Loko",242,19,8
"403",2014-09-29,"Pujehun",17,3,18
"404",2014-09-29,"Tonkolili",69,5,7
"405",2014-09-29,"Western area rural",137,4,3
"406",2014-09-29,"Western area urban",222,11,5
"407",2014-09-30,"Bo",111,17,15
"408",2014-09-30,"Bombali",238,12,5
"409",2014-09-30,"Bonthe",3,1,33
"410",2014-09-30,"Kailahun",579,251,43
"411",2014-09-30,"Kambia",15,1,7
"412",2014-09-30,"Kenema",461,236,51
"413",2014-09-30,"Koinadugu",0,0,0
"414",2014-09-30,"Kono",59,3,5
"415",2014-09-30,"Moyamba",67,7,10
"416",2014-09-30,"Port Loko",285,19,7
"417",2014-09-30,"Pujehun",20,3,15
"418",2014-09-30,"Tonkolili",84,5,6
"419",2014-09-30,"Western area rural",158,4,3
"420",2014-09-30,"Western area urban",237,11,5
"421",2014-10-01,"Bo",111,17,15
"422",2014-10-01,"Bombali",240,13,5
"423",2014-10-01,"Bonthe",3,1,33
"424",2014-10-01,"Kailahun",579,254,44
"425",2014-10-01,"Kambia",19,1,5
"426",2014-10-01,"Kenema",463,236,51
"427",2014-10-01,"Koinadugu",0,0,0
"428",2014-10-01,"Kono",62,3,5
"429",2014-10-01,"Moyamba",67,7,10
"430",2014-10-01,"Port Loko",312,19,6
"431",2014-10-01,"Pujehun",20,4,20
"432",2014-10-01,"Tonkolili",89,5,6
"433",2014-10-01,"Western area rural",178,4,2
"434",2014-10-01,"Western area urban",264,11,4
"435",2014-10-02,"Bo",118,17,14
"436",2014-10-02,"Bombali",240,14,6
"437",2014-10-02,"Bonthe",3,1,33
"438",2014-10-02,"Kailahun",579,254,44
"439",2014-10-02,"Kambia",19,1,5
"440",2014-10-02,"Kenema",465,236,51
"441",2014-10-02,"Koinadugu",0,0,0
"442",2014-10-02,"Kono",62,3,5
"443",2014-10-02,"Moyamba",69,7,10
"444",2014-10-02,"Port Loko",313,19,6
"445",2014-10-02,"Pujehun",20,4,20
"446",2014-10-02,"Tonkolili",89,5,6
"447",2014-10-02,"Western area rural",183,4,2
"448",2014-10-02,"Western area urban",264,NA,4
"449",2014-10-03,"Bo",120,17,14
"450",2014-10-03,"Bombali",240,14,6
"451",2014-10-03,"Bonthe",3,1,33
"452",2014-10-03,"Kailahun",580,255,44
"453",2014-10-03,"Kambia",19,1,5
"454",2014-10-03,"Kenema",468,236,50
"455",2014-10-03,"Koinadugu",0,0,0
"456",2014-10-03,"Kono",67,3,4
"457",2014-10-03,"Moyamba",70,8,11
"458",2014-10-03,"Port Loko",324,20,6
"459",2014-10-03,"Pujehun",20,4,20
"460",2014-10-03,"Tonkolili",89,6,7
"461",2014-10-03,"Western area rural",191,4,2
"462",2014-10-03,"Western area urban",289,11,4
"463",2014-10-04,"Bo",120,NA,14
"464",2014-10-04,"Bombali",240,NA,6
"465",2014-10-04,"Bonthe",3,NA,33
"466",2014-10-04,"Kailahun",580,NA,44
"467",2014-10-04,"Kambia",19,NA,5
"468",2014-10-04,"Kenema",468,NA,50
"469",2014-10-04,"Koinadugu",0,NA,0
"470",2014-10-04,"Kono",67,NA,4
"471",2014-10-04,"Moyamba",70,NA,11
"472",2014-10-04,"Port Loko",324,NA,6
"473",2014-10-04,"Pujehun",20,NA,20
"474",2014-10-04,"Tonkolili",89,NA,7
"475",2014-10-04,"Western area rural",191,NA,2
"476",2014-10-04,"Western area urban",289,NA,4
"477",2014-10-05,"Bo",120,17,14
"478",2014-10-05,"Bombali",262,18,7
"479",2014-10-05,"Bonthe",3,1,33
"480",2014-10-05,"Kailahun",580,255,44
"481",2014-10-05,"Kambia",24,1,4
"482",2014-10-05,"Kenema",474,236,50
"483",2014-10-05,"Koinadugu",0,0,0
"484",2014-10-05,"Kono",67,3,4
"485",2014-10-05,"Moyamba",78,8,10
"486",2014-10-05,"Port Loko",328,20,6
"487",2014-10-05,"Pujehun",23,5,22
"488",2014-10-05,"Tonkolili",99,7,7
"489",2014-10-05,"Western area rural",207,4,2
"490",2014-10-05,"Western area urban",307,11,4
"491",2014-10-06,"Bo",131,94,72
"492",2014-10-06,"Bombali",329,107,33
"493",2014-10-06,"Bonthe",3,1,33
"494",2014-10-06,"Kailahun",581,255,44
"495",2014-10-06,"Kambia",24,1,4
"496",2014-10-06,"Kenema",477,236,49
"497",2014-10-06,"Koinadugu",0,0,0
"498",2014-10-06,"Kono",67,39,58
"499",2014-10-06,"Moyamba",84,8,10
"500",2014-10-06,"Port Loko",360,20,6
"501",2014-10-06,"Pujehun",24,6,25
"502",2014-10-06,"Tonkolili",99,48,48
"503",2014-10-06,"Western area rural",221,5,2
"504",2014-10-06,"Western area urban",327,11,3
"505",2014-10-07,"Bo",131,NA,72
"506",2014-10-07,"Bombali",329,NA,33
"507",2014-10-07,"Bonthe",3,NA,33
"508",2014-10-07,"Kailahun",581,NA,44
"509",2014-10-07,"Kambia",24,NA,4
"510",2014-10-07,"Kenema",477,NA,49
"511",2014-10-07,"Koinadugu",0,NA,0
"512",2014-10-07,"Kono",67,NA,58
"513",2014-10-07,"Moyamba",84,NA,10
"514",2014-10-07,"Port Loko",360,NA,6
"515",2014-10-07,"Pujehun",24,NA,25
"516",2014-10-07,"Tonkolili",99,NA,48
"517",2014-10-07,"Western area rural",221,NA,2
"518",2014-10-07,"Western area urban",327,NA,3
"519",2014-10-08,"Bo",131,NA,72
"520",2014-10-08,"Bombali",329,NA,33
"521",2014-10-08,"Bonthe",3,NA,33
"522",2014-10-08,"Kailahun",581,NA,44
"523",2014-10-08,"Kambia",24,NA,4
"524",2014-10-08,"Kenema",477,NA,49
"525",2014-10-08,"Koinadugu",0,NA,0
"526",2014-10-08,"Kono",67,NA,58
"527",2014-10-08,"Moyamba",84,NA,10
"528",2014-10-08,"Port Loko",360,NA,6
"529",2014-10-08,"Pujehun",24,NA,25
"530",2014-10-08,"Tonkolili",99,NA,48
"531",2014-10-08,"Western area rural",221,NA,2
"532",2014-10-08,"Western area urban",327,NA,3
"533",2014-10-09,"Bo",131,NA,72
"534",2014-10-09,"Bombali",329,NA,33
"535",2014-10-09,"Bonthe",3,NA,33
"536",2014-10-09,"Kailahun",581,NA,44
"537",2014-10-09,"Kambia",24,NA,4
"538",2014-10-09,"Kenema",477,NA,49
"539",2014-10-09,"Koinadugu",0,NA,0
"540",2014-10-09,"Kono",67,NA,58
"541",2014-10-09,"Moyamba",84,NA,10
"542",2014-10-09,"Port Loko",360,NA,6
"543",2014-10-09,"Pujehun",24,NA,25
"544",2014-10-09,"Tonkolili",99,NA,48
"545",2014-10-09,"Western area rural",221,NA,2
"546",2014-10-09,"Western area urban",327,NA,3
"547",2014-10-10,"Bo",142,94,66
"548",2014-10-10,"Bombali",376,112,30
"549",2014-10-10,"Bonthe",3,1,33
"550",2014-10-10,"Kailahun",583,257,44
"551",2014-10-10,"Kambia",25,1,4
"552",2014-10-10,"Kenema",477,241,51
"553",2014-10-10,"Koinadugu",0,0,0
"554",2014-10-10,"Kono",80,39,49
"555",2014-10-10,"Moyamba",92,51,55
"556",2014-10-10,"Port Loko",362,20,6
"557",2014-10-10,"Pujehun",27,9,33
"558",2014-10-10,"Tonkolili",132,49,37
"559",2014-10-10,"Western area rural",221,NA,2
"560",2014-10-10,"Western area urban",327,NA,3
"561",2014-10-11,"Bo",142,NA,66
"562",2014-10-11,"Bombali",376,NA,30
"563",2014-10-11,"Bonthe",3,NA,33
"564",2014-10-11,"Kailahun",583,NA,44
"565",2014-10-11,"Kambia",25,NA,4
"566",2014-10-11,"Kenema",477,NA,51
"567",2014-10-11,"Koinadugu",0,NA,0
"568",2014-10-11,"Kono",80,NA,49
"569",2014-10-11,"Moyamba",92,NA,55
"570",2014-10-11,"Port Loko",362,NA,6
"571",2014-10-11,"Pujehun",27,NA,33
"572",2014-10-11,"Tonkolili",132,NA,37
"573",2014-10-11,"Western area rural",221,NA,2
"574",2014-10-11,"Western area urban",327,NA,3
"575",2014-10-12,"Bo",147,97,66
"576",2014-10-12,"Bombali",395,135,34
"577",2014-10-12,"Bonthe",3,3,100
"578",2014-10-12,"Kailahun",583,257,44
"579",2014-10-12,"Kambia",25,24,96
"580",2014-10-12,"Kenema",479,242,51
"581",2014-10-12,"Koinadugu",0,0,0
"582",2014-10-12,"Kono",80,39,49
"583",2014-10-12,"Moyamba",92,51,55
"584",2014-10-12,"Port Loko",392,106,27
"585",2014-10-12,"Pujehun",27,9,33
"586",2014-10-12,"Tonkolili",133,49,37
"587",2014-10-12,"Western area rural",221,NA,2
"588",2014-10-12,"Western area urban",327,NA,3
"589",2014-10-13,"Bo",160,97,61
"590",2014-10-13,"Bombali",424,140,33
"591",2014-10-13,"Bonthe",3,3,100
"592",2014-10-13,"Kailahun",583,257,44
"593",2014-10-13,"Kambia",27,24,89
"594",2014-10-13,"Kenema",481,242,50
"595",2014-10-13,"Koinadugu",0,0,0
"596",2014-10-13,"Kono",84,39,46
"597",2014-10-13,"Moyamba",97,51,53
"598",2014-10-13,"Port Loko",420,107,25
"599",2014-10-13,"Pujehun",27,9,33
"600",2014-10-13,"Tonkolili",150,54,36
"601",2014-10-13,"Western area rural",221,NA,2
"602",2014-10-13,"Western area urban",327,NA,3
"603",2014-10-14,"Bo",160,98,61
"604",2014-10-14,"Bombali",446,140,31
"605",2014-10-14,"Bonthe",3,3,100
"606",2014-10-14,"Kailahun",585,258,44
"607",2014-10-14,"Kambia",28,24,86
"608",2014-10-14,"Kenema",495,242,49
"609",2014-10-14,"Koinadugu",0,0,0
"610",2014-10-14,"Kono",84,39,46
"611",2014-10-14,"Moyamba",99,51,52
"612",2014-10-14,"Port Loko",427,107,25
"613",2014-10-14,"Pujehun",27,17,63
"614",2014-10-14,"Tonkolili",150,54,36
"615",2014-10-14,"Western area rural",221,NA,2
"616",2014-10-14,"Western area urban",327,NA,3
"617",2014-10-15,"Bo",162,98,60
"618",2014-10-15,"Bombali",446,152,34
"619",2014-10-15,"Bonthe",3,3,100
"620",2014-10-15,"Kailahun",586,258,44
"621",2014-10-15,"Kambia",28,24,86
"622",2014-10-15,"Kenema",502,242,48
"623",2014-10-15,"Koinadugu",0,0,0
"624",2014-10-15,"Kono",84,39,46
"625",2014-10-15,"Moyamba",99,54,55
"626",2014-10-15,"Port Loko",426,107,25
"627",2014-10-15,"Pujehun",27,17,63
"628",2014-10-15,"Tonkolili",153,54,35
"629",2014-10-15,"Western area rural",221,NA,2
"630",2014-10-15,"Western area urban",327,NA,3
"631",2014-10-16,"Bo",184,101,55
"632",2014-10-16,"Bo",174,99,57
"633",2014-10-16,"Bombali",463,152,33
"634",2014-10-16,"Bombali",465,156,34
"635",2014-10-16,"Bonthe",3,3,100
"636",2014-10-16,"Bonthe",5,3,60
"637",2014-10-16,"Kailahun",586,258,44
"638",2014-10-16,"Kailahun",587,258,44
"639",2014-10-16,"Kambia",28,24,86
"640",2014-10-16,"Kambia",28,24,86
"641",2014-10-16,"Kenema",519,243,47
"642",2014-10-16,"Kenema",523,244,47
"643",2014-10-16,"Koinadugu",2,0,0
"644",2014-10-16,"Koinadugu",2,0,0
"645",2014-10-16,"Kono",84,39,46
"646",2014-10-16,"Kono",88,39,44
"647",2014-10-16,"Moyamba",99,54,55
"648",2014-10-16,"Moyamba",102,54,53
"649",2014-10-16,"Port Loko",448,107,24
"650",2014-10-16,"Port Loko",448,110,25
"651",2014-10-16,"Pujehun",29,17,59
"652",2014-10-16,"Pujehun",29,17,59
"653",2014-10-16,"Tonkolili",162,56,35
"654",2014-10-16,"Tonkolili",162,54,33
"655",2014-10-16,"Western area rural",221,NA,2
"656",2014-10-16,"Western area urban",826,154,19
"657",2014-10-17,"Bo",174,NA,57
"658",2014-10-17,"Bombali",465,NA,34
"659",2014-10-17,"Bonthe",5,NA,60
"660",2014-10-17,"Kailahun",587,NA,44
"661",2014-10-17,"Kambia",28,NA,86
"662",2014-10-17,"Kenema",523,NA,47
"663",2014-10-17,"Koinadugu",2,NA,0
"664",2014-10-17,"Kono",88,NA,44
"665",2014-10-17,"Moyamba",102,NA,53
"666",2014-10-17,"Port Loko",448,NA,25
"667",2014-10-17,"Pujehun",29,NA,59
"668",2014-10-17,"Tonkolili",162,NA,33
"669",2014-10-17,"Western area rural",221,NA,2
"670",2014-10-17,"Western area urban",826,NA,19
"671",2014-10-18,"Bo",185,102,55
"672",2014-10-18,"Bombali",500,156,31
"673",2014-10-18,"Bonthe",5,3,60
"674",2014-10-18,"Kailahun",591,258,44
"675",2014-10-18,"Kambia",28,24,86
"676",2014-10-18,"Kenema",523,245,47
"677",2014-10-18,"Koinadugu",2,0,0
"678",2014-10-18,"Kono",88,39,44
"679",2014-10-18,"Moyamba",102,54,53
"680",2014-10-18,"Port Loko",450,111,25
"681",2014-10-18,"Pujehun",29,17,59
"682",2014-10-18,"Tonkolili",162,57,35
"683",2014-10-18,"Western area rural",221,NA,2
"684",2014-10-18,"Western area urban",843,154,18
"685",2014-10-19,"Bo",190,103,54
"686",2014-10-19,"Bombali",504,157,31
"687",2014-10-19,"Bonthe",5,3,60
"688",2014-10-19,"Kailahun",591,258,44
"689",2014-10-19,"Kambia",30,24,80
"690",2014-10-19,"Kenema",531,249,47
"691",2014-10-19,"Koinadugu",2,0,0
"692",2014-10-19,"Kono",88,39,44
"693",2014-10-19,"Moyamba",105,54,51
"694",2014-10-19,"Port Loko",450,112,25
"695",2014-10-19,"Pujehun",30,17,57
"696",2014-10-19,"Tonkolili",170,57,34
"697",2014-10-19,"Western area rural",221,NA,2
"698",2014-10-19,"Western area urban",843,NA,18
"699",2014-10-20,"Bo",193,103,53
"700",2014-10-20,"Bombali",515,159,31
"701",2014-10-20,"Bonthe",5,3,60
"702",2014-10-20,"Kailahun",595,258,43
"703",2014-10-20,"Kambia",30,24,80
"704",2014-10-20,"Kenema",535,250,47
"705",2014-10-20,"Koinadugu",2,0,0
"706",2014-10-20,"Kono",89,39,44
"707",2014-10-20,"Moyamba",105,56,53
"708",2014-10-20,"Port Loko",458,116,25
"709",2014-10-20,"Pujehun",30,17,57
"710",2014-10-20,"Tonkolili",170,57,34
"711",2014-10-20,"Western area rural",221,NA,2
"712",2014-10-20,"Western area urban",843,NA,18
"713",2014-10-21,"Bo",199,104,52
"714",2014-10-21,"Bombali",515,161,31
"715",2014-10-21,"Bonthe",5,3,60
"716",2014-10-21,"Kailahun",595,259,44
"717",2014-10-21,"Kambia",30,24,80
"718",2014-10-21,"Kenema",536,250,47
"719",2014-10-21,"Koinadugu",4,0,0
"720",2014-10-21,"Kono",89,39,44
"721",2014-10-21,"Moyamba",110,57,52
"722",2014-10-21,"Port Loko",467,119,25
"723",2014-10-21,"Pujehun",30,17,57
"724",2014-10-21,"Tonkolili",174,60,34
"725",2014-10-21,"Western area rural",396,81,20
"726",2014-10-21,"Western area urban",556,85,15
"727",2014-10-22,"Bo",200,105,53
"728",2014-10-22,"Bombali",541,163,30
"729",2014-10-22,"Bonthe",5,3,60
"730",2014-10-22,"Kailahun",599,259,43
"731",2014-10-22,"Kambia",30,24,80
"732",2014-10-22,"Kenema",543,250,46
"733",2014-10-22,"Koinadugu",9,0,0
"734",2014-10-22,"Kono",89,39,44
"735",2014-10-22,"Moyamba",111,58,52
"736",2014-10-22,"Port Loko",483,120,25
"737",2014-10-22,"Pujehun",31,17,55
"738",2014-10-22,"Tonkolili",182,61,34
"739",2014-10-22,"Western area rural",403,83,21
"740",2014-10-22,"Western area urban",560,88,16
"741",2014-10-23,"Bo",211,79,37
"742",2014-10-23,"Bombali",545,74,14
"743",2014-10-23,"Bonthe",5,NA,60
"744",2014-10-23,"Kailahun",600,260,43
"745",2014-10-23,"Kambia",33,24,73
"746",2014-10-23,"Kenema",546,251,46
"747",2014-10-23,"Koinadugu",9,NA,0
"748",2014-10-23,"Kono",89,39,44
"749",2014-10-23,"Moyamba",111,26,23
"750",2014-10-23,"Port Loko",504,62,12
"751",2014-10-23,"Pujehun",31,NA,55
"752",2014-10-23,"Tonkolili",182,90,49
"753",2014-10-23,"Western area rural",403,NA,21
"754",2014-10-23,"Western area urban",568,85,15
"755",2014-10-24,"Bo",215,105,49
"756",2014-10-24,"Bombali",545,166,30
"757",2014-10-24,"Bonthe",5,3,60
"758",2014-10-24,"Kailahun",600,262,44
"759",2014-10-24,"Kambia",34,24,71
"760",2014-10-24,"Kenema",552,252,46
"761",2014-10-24,"Koinadugu",9,0,0
"762",2014-10-24,"Kono",89,39,44
"763",2014-10-24,"Moyamba",111,58,52
"764",2014-10-24,"Port Loko",504,120,24
"765",2014-10-24,"Pujehun",32,17,53
"766",2014-10-24,"Tonkolili",194,62,32
"767",2014-10-24,"Western area rural",433,83,19
"768",2014-10-24,"Western area urban",573,90,16
"769",2014-10-25,"Bo",218,105,48
"770",2014-10-25,"Bombali",545,167,31
"771",2014-10-25,"Bonthe",5,3,60
"772",2014-10-25,"Kailahun",601,262,44
"773",2014-10-25,"Kambia",34,24,71
"774",2014-10-25,"Kenema",553,252,46
"775",2014-10-25,"Koinadugu",9,0,0
"776",2014-10-25,"Kono",94,39,41
"777",2014-10-25,"Moyamba",111,58,52
"778",2014-10-25,"Port Loko",510,123,24
"779",2014-10-25,"Pujehun",33,17,52
"780",2014-10-25,"Tonkolili",195,64,33
"781",2014-10-25,"Western area rural",454,92,20
"782",2014-10-25,"Western area urban",601,93,15
"783",2014-10-26,"Bo",218,110,50
"784",2014-10-26,"Bombali",560,173,31
"785",2014-10-26,"Bonthe",5,3,60
"786",2014-10-26,"Kailahun",601,262,44
"787",2014-10-26,"Kambia",34,24,71
"788",2014-10-26,"Kenema",555,252,45
"789",2014-10-26,"Koinadugu",23,17,74
"790",2014-10-26,"Kono",95,39,41
"791",2014-10-26,"Moyamba",113,62,55
"792",2014-10-26,"Port Loko",510,123,24
"793",2014-10-26,"Pujehun",33,19,58
"794",2014-10-26,"Tonkolili",203,67,33
"795",2014-10-26,"Western area rural",458,94,21
"796",2014-10-26,"Western area urban",609,96,16
"797",2014-10-27,"Bo",223,110,49
"798",2014-10-27,"Bombali",578,178,31
"799",2014-10-27,"Bonthe",5,3,60
"800",2014-10-27,"Kailahun",601,262,44
"801",2014-10-27,"Kambia",34,24,71
"802",2014-10-27,"Kenema",560,253,45
"803",2014-10-27,"Koinadugu",45,39,87
"804",2014-10-27,"Kono",95,39,41
"805",2014-10-27,"Moyamba",117,62,53
"806",2014-10-27,"Port Loko",518,130,25
"807",2014-10-27,"Pujehun",33,19,58
"808",2014-10-27,"Tonkolili",218,70,32
"809",2014-10-27,"Western area rural",479,95,20
"810",2014-10-27,"Western area urban",624,99,16
"811",2014-10-28,"Bo",224,110,49
"812",2014-10-28,"Bombali",578,180,31
"813",2014-10-28,"Bonthe",5,3,60
"814",2014-10-28,"Kailahun",601,262,44
"815",2014-10-28,"Kambia",34,24,71
"816",2014-10-28,"Kenema",560,253,45
"817",2014-10-28,"Koinadugu",50,39,78
"818",2014-10-28,"Kono",95,39,41
"819",2014-10-28,"Moyamba",122,62,51
"820",2014-10-28,"Port Loko",521,129,25
"821",2014-10-28,"Pujehun",35,19,54
"822",2014-10-28,"Tonkolili",229,71,31
"823",2014-10-28,"Western area rural",499,95,19
"824",2014-10-28,"Western area urban",647,101,16
"825",2014-10-29,"Bo",232,110,47
"826",2014-10-29,"Bombali",610,180,30
"827",2014-10-29,"Bonthe",5,3,60
"828",2014-10-29,"Kailahun",601,263,44
"829",2014-10-29,"Kambia",35,24,69
"830",2014-10-29,"Kenema",566,255,45
"831",2014-10-29,"Koinadugu",50,39,78
"832",2014-10-29,"Kono",98,39,40
"833",2014-10-29,"Moyamba",122,62,51
"834",2014-10-29,"Port Loko",567,156,28
"835",2014-10-29,"Pujehun",35,21,60
"836",2014-10-29,"Tonkolili",235,71,30
"837",2014-10-29,"Western area rural",512,95,19
"838",2014-10-29,"Western area urban",662,101,15
"839",2014-10-30,"Bo",233,110,47
"840",2014-10-30,"Bombali",622,182,29
"841",2014-10-30,"Bonthe",5,3,60
"842",2014-10-30,"Kailahun",601,264,44
"843",2014-10-30,"Kambia",40,24,60
"844",2014-10-30,"Kenema",572,256,45
"845",2014-10-30,"Koinadugu",56,39,70
"846",2014-10-30,"Kono",97,39,40
"847",2014-10-30,"Moyamba",127,62,49
"848",2014-10-30,"Port Loko",567,152,27
"849",2014-10-30,"Pujehun",38,21,55
"850",2014-10-30,"Tonkolili",241,71,29
"851",2014-10-30,"Western area rural",516,96,19
"852",2014-10-30,"Western area urban",677,103,15
"853",2014-10-31,"Bo",233,NA,47
"854",2014-10-31,"Bombali",622,NA,29
"855",2014-10-31,"Bonthe",5,NA,60
"856",2014-10-31,"Kailahun",601,NA,44
"857",2014-10-31,"Kambia",40,NA,60
"858",2014-10-31,"Kenema",572,NA,45
"859",2014-10-31,"Koinadugu",56,NA,70
"860",2014-10-31,"Kono",97,NA,40
"861",2014-10-31,"Moyamba",127,NA,49
"862",2014-10-31,"Port Loko",567,NA,27
"863",2014-10-31,"Pujehun",38,NA,55
"864",2014-10-31,"Tonkolili",241,NA,29
"865",2014-10-31,"Western area rural",516,NA,19
"866",2014-10-31,"Western area urban",677,NA,15
"867",2014-11-01,"Bo",244,110,45
"868",2014-11-01,"Bombali",638,183,29
"869",2014-11-01,"Bonthe",5,3,60
"870",2014-11-01,"Kailahun",601,265,44
"871",2014-11-01,"Kambia",42,24,57
"872",2014-11-01,"Kenema",579,259,45
"873",2014-11-01,"Koinadugu",56,39,70
"874",2014-11-01,"Kono",97,39,40
"875",2014-11-01,"Moyamba",127,62,49
"876",2014-11-01,"Port Loko",584,152,26
"877",2014-11-01,"Pujehun",38,21,55
"878",2014-11-01,"Tonkolili",250,72,29
"879",2014-11-01,"Western area rural",534,96,18
"880",2014-11-01,"Western area urban",692,104,15
"881",2014-11-02,"Bo",244,110,45
"882",2014-11-02,"Bombali",658,183,28
"883",2014-11-02,"Bonthe",5,3,60
"884",2014-11-02,"Kailahun",604,265,44
"885",2014-11-02,"Kambia",43,26,60
"886",2014-11-02,"Kenema",585,259,44
"887",2014-11-02,"Koinadugu",56,39,70
"888",2014-11-02,"Kono",97,39,40
"889",2014-11-02,"Moyamba",127,62,49
"890",2014-11-02,"Port Loko",615,152,25
"891",2014-11-02,"Pujehun",38,21,55
"892",2014-11-02,"Tonkolili",254,74,29
"893",2014-11-02,"Western area rural",556,96,17
"894",2014-11-02,"Western area urban",729,106,15
"895",2014-11-03,"Bo",244,NA,45
"896",2014-11-03,"Bombali",658,NA,28
"897",2014-11-03,"Bonthe",5,NA,60
"898",2014-11-03,"Kailahun",604,NA,44
"899",2014-11-03,"Kambia",43,NA,60
"900",2014-11-03,"Kenema",585,NA,44
"901",2014-11-03,"Koinadugu",56,NA,70
"902",2014-11-03,"Kono",97,NA,40
"903",2014-11-03,"Moyamba",127,NA,49
"904",2014-11-03,"Port Loko",615,NA,25
"905",2014-11-03,"Pujehun",38,NA,55
"906",2014-11-03,"Tonkolili",254,NA,29
"907",2014-11-03,"Western area rural",556,NA,17
"908",2014-11-03,"Western area urban",729,NA,15
"909",2014-11-04,"Bo",244,NA,45
"910",2014-11-04,"Bombali",658,NA,28
"911",2014-11-04,"Bonthe",5,NA,60
"912",2014-11-04,"Kailahun",604,NA,44
"913",2014-11-04,"Kambia",43,NA,60
"914",2014-11-04,"Kenema",585,NA,44
"915",2014-11-04,"Koinadugu",56,NA,70
"916",2014-11-04,"Kono",97,NA,40
"917",2014-11-04,"Moyamba",127,NA,49
"918",2014-11-04,"Port Loko",615,NA,25
"919",2014-11-04,"Pujehun",38,NA,55
"920",2014-11-04,"Tonkolili",254,NA,29
"921",2014-11-04,"Western area rural",556,NA,17
"922",2014-11-04,"Western area urban",729,NA,15
"923",2014-11-05,"Bo",244,NA,45
"924",2014-11-05,"Bombali",658,NA,28
"925",2014-11-05,"Bonthe",5,NA,60
"926",2014-11-05,"Kailahun",604,NA,44
"927",2014-11-05,"Kambia",43,NA,60
"928",2014-11-05,"Kenema",585,NA,44
"929",2014-11-05,"Koinadugu",56,NA,70
"930",2014-11-05,"Kono",97,NA,40
"931",2014-11-05,"Moyamba",127,NA,49
"932",2014-11-05,"Port Loko",615,NA,25
"933",2014-11-05,"Pujehun",38,NA,55
"934",2014-11-05,"Tonkolili",254,NA,29
"935",2014-11-05,"Western area rural",556,NA,17
"936",2014-11-05,"Western area urban",729,NA,15
"937",2014-11-06,"Bo",244,NA,45
"938",2014-11-06,"Bombali",658,NA,28
"939",2014-11-06,"Bonthe",5,NA,60
"940",2014-11-06,"Kailahun",604,NA,44
"941",2014-11-06,"Kambia",43,NA,60
"942",2014-11-06,"Kenema",585,NA,44
"943",2014-11-06,"Koinadugu",56,NA,70
"944",2014-11-06,"Kono",97,NA,40
"945",2014-11-06,"Moyamba",127,NA,49
"946",2014-11-06,"Port Loko",615,NA,25
"947",2014-11-06,"Pujehun",38,NA,55
"948",2014-11-06,"Tonkolili",254,NA,29
"949",2014-11-06,"Western area rural",556,NA,17
"950",2014-11-06,"Western area urban",729,NA,15
"951",2014-11-07,"Bo",244,NA,45
"952",2014-11-07,"Bombali",658,NA,28
"953",2014-11-07,"Bonthe",5,NA,60
"954",2014-11-07,"Kailahun",604,NA,44
"955",2014-11-07,"Kambia",43,NA,60
"956",2014-11-07,"Kenema",585,NA,44
"957",2014-11-07,"Koinadugu",56,NA,70
"958",2014-11-07,"Kono",97,NA,40
"959",2014-11-07,"Moyamba",127,NA,49
"960",2014-11-07,"Port Loko",615,NA,25
"961",2014-11-07,"Pujehun",38,NA,55
"962",2014-11-07,"Tonkolili",254,NA,29
"963",2014-11-07,"Western area rural",556,NA,17
"964",2014-11-07,"Western area urban",729,NA,15
"965",2014-11-08,"Bo",260,112,43
"966",2014-11-08,"Bombali",723,190,26
"967",2014-11-08,"Bonthe",5,3,60
"968",2014-11-08,"Kailahun",605,267,44
"969",2014-11-08,"Kambia",60,28,47
"970",2014-11-08,"Kenema",591,260,44
"971",2014-11-08,"Koinadugu",89,44,49
"972",2014-11-08,"Kono",104,39,38
"973",2014-11-08,"Moyamba",152,62,41
"974",2014-11-08,"Port Loko",625,162,26
"975",2014-11-08,"Pujehun",38,21,55
"976",2014-11-08,"Tonkolili",286,80,28
"977",2014-11-08,"Western area rural",614,101,16
"978",2014-11-08,"Western area urban",810,110,14
"979",2014-11-09,"Bo",260,NA,43
"980",2014-11-09,"Bombali",723,NA,26
"981",2014-11-09,"Bonthe",5,NA,60
"982",2014-11-09,"Kailahun",605,NA,44
"983",2014-11-09,"Kambia",60,NA,47
"984",2014-11-09,"Kenema",591,NA,44
"985",2014-11-09,"Koinadugu",89,NA,49
"986",2014-11-09,"Kono",104,NA,38
"987",2014-11-09,"Moyamba",152,NA,41
"988",2014-11-09,"Port Loko",625,NA,26
"989",2014-11-09,"Pujehun",38,NA,55
"990",2014-11-09,"Tonkolili",286,NA,28
"991",2014-11-09,"Western area rural",614,NA,16
"992",2014-11-09,"Western area urban",810,NA,14
"993",2014-11-10,"Bo",260,NA,43
"994",2014-11-10,"Bombali",723,NA,26
"995",2014-11-10,"Bonthe",5,NA,60
"996",2014-11-10,"Kailahun",605,NA,44
"997",2014-11-10,"Kambia",60,NA,47
"998",2014-11-10,"Kenema",591,NA,44
"999",2014-11-10,"Koinadugu",89,NA,49
"1000",2014-11-10,"Kono",104,NA,38
"1001",2014-11-10,"Moyamba",152,NA,41
"1002",2014-11-10,"Port Loko",625,NA,26
"1003",2014-11-10,"Pujehun",38,NA,55
"1004",2014-11-10,"Tonkolili",286,NA,28
"1005",2014-11-10,"Western area rural",614,NA,16
"1006",2014-11-10,"Western area urban",810,NA,14
"1007",2014-11-11,"Bo",260,NA,43
"1008",2014-11-11,"Bombali",723,NA,26
"1009",2014-11-11,"Bonthe",5,NA,60
"1010",2014-11-11,"Kailahun",605,NA,44
"1011",2014-11-11,"Kambia",60,NA,47
"1012",2014-11-11,"Kenema",591,NA,44
"1013",2014-11-11,"Koinadugu",89,NA,49
"1014",2014-11-11,"Kono",104,NA,38
"1015",2014-11-11,"Moyamba",152,NA,41
"1016",2014-11-11,"Port Loko",625,NA,26
"1017",2014-11-11,"Pujehun",38,NA,55
"1018",2014-11-11,"Tonkolili",286,NA,28
"1019",2014-11-11,"Western area rural",614,NA,16
"1020",2014-11-11,"Western area urban",810,NA,14
"1021",2014-11-12,"Bo",260,NA,43
"1022",2014-11-12,"Bombali",723,NA,26
"1023",2014-11-12,"Bonthe",5,NA,60
"1024",2014-11-12,"Kailahun",605,NA,44
"1025",2014-11-12,"Kambia",60,NA,47
"1026",2014-11-12,"Kenema",591,NA,44
"1027",2014-11-12,"Koinadugu",89,NA,49
"1028",2014-11-12,"Kono",104,NA,38
"1029",2014-11-12,"Moyamba",152,NA,41
"1030",2014-11-12,"Port Loko",625,NA,26
"1031",2014-11-12,"Pujehun",38,NA,55
"1032",2014-11-12,"Tonkolili",286,NA,28
"1033",2014-11-12,"Western area rural",614,NA,16
"1034",2014-11-12,"Western area urban",810,NA,14
"1035",2014-11-13,"Bo",260,NA,43
"1036",2014-11-13,"Bombali",723,NA,26
"1037",2014-11-13,"Bonthe",5,NA,60
"1038",2014-11-13,"Kailahun",605,NA,44
"1039",2014-11-13,"Kambia",60,NA,47
"1040",2014-11-13,"Kenema",591,NA,44
"1041",2014-11-13,"Koinadugu",89,NA,49
"1042",2014-11-13,"Kono",104,NA,38
"1043",2014-11-13,"Moyamba",152,NA,41
"1044",2014-11-13,"Port Loko",625,NA,26
"1045",2014-11-13,"Pujehun",38,NA,55
"1046",2014-11-13,"Tonkolili",286,NA,28
"1047",2014-11-13,"Western area rural",614,NA,16
"1048",2014-11-13,"Western area urban",810,NA,14
"1049",2014-11-14,"Bo",260,NA,43
"1050",2014-11-14,"Bombali",723,NA,26
"1051",2014-11-14,"Bonthe",5,NA,60
"1052",2014-11-14,"Kailahun",605,NA,44
"1053",2014-11-14,"Kambia",60,NA,47
"1054",2014-11-14,"Kenema",591,NA,44
"1055",2014-11-14,"Koinadugu",89,NA,49
"1056",2014-11-14,"Kono",104,NA,38
"1057",2014-11-14,"Moyamba",152,NA,41
"1058",2014-11-14,"Port Loko",625,NA,26
"1059",2014-11-14,"Pujehun",38,NA,55
"1060",2014-11-14,"Tonkolili",286,NA,28
"1061",2014-11-14,"Western area rural",614,NA,16
"1062",2014-11-14,"Western area urban",810,NA,14
"1063",2014-11-15,"Bo",260,NA,43
"1064",2014-11-15,"Bombali",723,NA,26
"1065",2014-11-15,"Bonthe",5,NA,60
"1066",2014-11-15,"Kailahun",605,NA,44
"1067",2014-11-15,"Kambia",60,NA,47
"1068",2014-11-15,"Kenema",591,NA,44
"1069",2014-11-15,"Koinadugu",89,NA,49
"1070",2014-11-15,"Kono",104,NA,38
"1071",2014-11-15,"Moyamba",152,NA,41
"1072",2014-11-15,"Port Loko",625,NA,26
"1073",2014-11-15,"Pujehun",38,NA,55
"1074",2014-11-15,"Tonkolili",286,NA,28
"1075",2014-11-15,"Western area rural",614,NA,16
"1076",2014-11-15,"Western area urban",810,NA,14
"1077",2014-11-16,"Bo",260,NA,43
"1078",2014-11-16,"Bombali",723,NA,26
"1079",2014-11-16,"Bonthe",5,NA,60
"1080",2014-11-16,"Kailahun",605,NA,44
"1081",2014-11-16,"Kambia",60,NA,47
"1082",2014-11-16,"Kenema",591,NA,44
"1083",2014-11-16,"Koinadugu",89,NA,49
"1084",2014-11-16,"Kono",104,NA,38
"1085",2014-11-16,"Moyamba",152,NA,41
"1086",2014-11-16,"Port Loko",625,NA,26
"1087",2014-11-16,"Pujehun",38,NA,55
"1088",2014-11-16,"Tonkolili",286,NA,28
"1089",2014-11-16,"Western area rural",614,NA,16
"1090",2014-11-16,"Western area urban",810,NA,14
"1091",2014-11-17,"Bo",260,NA,43
"1092",2014-11-17,"Bombali",723,NA,26
"1093",2014-11-17,"Bonthe",5,NA,60
"1094",2014-11-17,"Kailahun",605,NA,44
"1095",2014-11-17,"Kambia",60,NA,47
"1096",2014-11-17,"Kenema",591,NA,44
"1097",2014-11-17,"Koinadugu",89,NA,49
"1098",2014-11-17,"Kono",104,NA,38
"1099",2014-11-17,"Moyamba",152,NA,41
"1100",2014-11-17,"Port Loko",625,NA,26
"1101",2014-11-17,"Pujehun",38,NA,55
"1102",2014-11-17,"Tonkolili",286,NA,28
"1103",2014-11-17,"Western area rural",614,NA,16
"1104",2014-11-17,"Western area urban",810,NA,14
"1105",2014-11-18,"Bo",260,NA,43
"1106",2014-11-18,"Bombali",723,NA,26
"1107",2014-11-18,"Bonthe",5,NA,60
"1108",2014-11-18,"Kailahun",605,NA,44
"1109",2014-11-18,"Kambia",60,NA,47
"1110",2014-11-18,"Kenema",591,NA,44
"1111",2014-11-18,"Koinadugu",89,NA,49
"1112",2014-11-18,"Kono",104,NA,38
"1113",2014-11-18,"Moyamba",152,NA,41
"1114",2014-11-18,"Port Loko",625,NA,26
"1115",2014-11-18,"Pujehun",38,NA,55
"1116",2014-11-18,"Tonkolili",286,NA,28
"1117",2014-11-18,"Western area rural",614,NA,16
"1118",2014-11-18,"Western area urban",810,NA,14
"1119",2014-11-19,"Bo",260,NA,43
"1120",2014-11-19,"Bombali",723,NA,26
"1121",2014-11-19,"Bonthe",5,NA,60
"1122",2014-11-19,"Kailahun",605,NA,44
"1123",2014-11-19,"Kambia",60,NA,47
"1124",2014-11-19,"Kenema",591,NA,44
"1125",2014-11-19,"Koinadugu",89,NA,49
"1126",2014-11-19,"Kono",104,NA,38
"1127",2014-11-19,"Moyamba",152,NA,41
"1128",2014-11-19,"Port Loko",625,NA,26
"1129",2014-11-19,"Pujehun",38,NA,55
"1130",2014-11-19,"Tonkolili",286,NA,28
"1131",2014-11-19,"Western area rural",614,NA,16
"1132",2014-11-19,"Western area urban",810,NA,14
"1133",2014-11-20,"Bo",260,NA,43
"1134",2014-11-20,"Bombali",723,NA,26
"1135",2014-11-20,"Bonthe",5,NA,60
"1136",2014-11-20,"Kailahun",605,NA,44
"1137",2014-11-20,"Kambia",60,NA,47
"1138",2014-11-20,"Kenema",591,NA,44
"1139",2014-11-20,"Koinadugu",89,NA,49
"1140",2014-11-20,"Kono",104,NA,38
"1141",2014-11-20,"Moyamba",152,NA,41
"1142",2014-11-20,"Port Loko",625,NA,26
"1143",2014-11-20,"Pujehun",38,NA,55
"1144",2014-11-20,"Tonkolili",286,NA,28
"1145",2014-11-20,"Western area rural",614,NA,16
"1146",2014-11-20,"Western area urban",810,NA,14
